Residue Number,Normalised Score
162,1.0
260,0.88065
232,0.87327
193,0.83169
104,0.8137
78,0.80873
206,0.76392
99,0.7596
183,0.75795
45,0.74529
179,0.72504
46,0.69562
102,0.68919
44,0.67013
103,0.65979
101,0.63544
20,0.60171
98,0.59297
231,0.58511
165,0.56716
9,0.55654
215,0.54979
188,0.54709
245,0.54483
259,0.5332
138,0.51396
47,0.51377
155,0.50766
252,0.50479
212,0.50157
186,0.49383
53,0.49298
205,0.48316
120,0.47781
217,0.47517
248,0.47215
255,0.47075
143,0.46856
203,0.45475
142,0.44671
256,0.4316
218,0.41871
50,0.41824
49,0.4059
246,0.40099
209,0.39545
100,0.39075
226,0.39001
216,0.38632
219,0.38483
159,0.38097
141,0.37849
176,0.37458
110,0.37299
109,0.37243
13,0.37227
220,0.35656
230,0.35021
166,0.34481
171,0.33892
197,0.33673
214,0.33669
134,0.3342
207,0.33258
105,0.33071
76,0.32932
94,0.32812
125,0.32779
139,0.32739
156,0.32277
136,0.32204
2,0.31906
234,0.31852
6,0.31732
187,0.3109
192,0.3094
191,0.30849
23,0.30451
75,0.30154
175,0.2939
28,0.29361
233,0.29326
172,0.29231
40,0.29039
123,0.28501
254,0.28166
108,0.27683
57,0.27472
43,0.26482
80,0.26257
54,0.26104
249,0.26051
51,0.25908
195,0.25195
257,0.2514
154,0.24872
17,0.24619
221,0.24419
244,0.24242
55,0.24237
132,0.23488
131,0.23391
208,0.23364
194,0.23107
237,0.2305
19,0.22837
129,0.22615
124,0.22405
228,0.22295
114,0.22159
48,0.21516
81,0.21414
250,0.21386
157,0.21277
97,0.21274
229,0.21219
21,0.20648
79,0.20357
107,0.20354
106,0.19939
63,0.19882
36,0.19265
235,0.18659
113,0.18642
238,0.18578
37,0.18471
16,0.18038
4,0.17885
83,0.1779
210,0.17284
184,0.17224
10,0.16695
31,0.16474
56,0.16271
22,0.1622
161,0.15924
52,0.15897
111,0.15788
251,0.15595
213,0.15221
77,0.14927
68,0.14699
223,0.14685
90,0.14546
5,0.14472
153,0.14207
30,0.14076
91,0.13612
39,0.12878
127,0.12839
227,0.12215
160,0.11934
12,0.1168
86,0.11482
34,0.11233
38,0.11148
167,0.11082
190,0.11065
170,0.10764
164,0.10343
96,0.10093
150,0.09999
69,0.09905
181,0.09668
236,0.09559
87,0.09354
118,0.09294
196,0.09261
33,0.09231
148,0.09139
74,0.08308
85,0.08308
202,0.08218
152,0.07809
8,0.07796
25,0.07322
60,0.07167
258,0.07101
140,0.07052
177,0.07
243,0.06991
122,0.06821
168,0.06719
180,0.06524
151,0.06289
211,0.0624
117,0.06233
247,0.0604
84,0.05999
93,0.0583
182,0.05546
163,0.05469
3,0.05212
169,0.05144
240,0.05009
130,0.0461
198,0.04573
65,0.04433
66,0.0428
119,0.04074
32,0.03943
11,0.03833
149,0.03788
61,0.03605
133,0.03427
178,0.03267
67,0.03007
58,0.02842
173,0.02719
7,0.02587
128,0.0253
222,0.02439
174,0.02072
73,0.02062
26,0.01837
126,0.01826
144,0.018
239,0.01706
24,0.01667
64,0.01643
199,0.01588
62,0.01376
35,0.01369
92,0.01321
88,0.01231
14,0.00952
29,0.00603
121,0.006
135,0.0017
241,0.00116
15,0.0
18,0.0
27,0.0
41,0.0
42,0.0
59,0.0
70,0.0
71,0.0
72,0.0
82,0.0
89,0.0
95,0.0
112,0.0
115,0.0
116,0.0
137,0.0
145,0.0
146,0.0
147,0.0
158,0.0
185,0.0
189,0.0
200,0.0
201,0.0
204,0.0
224,0.0
225,0.0
242,0.0
253,0.0
