Feature,Score
48Lys 105Ser Hbond,-0.5413200398572497
80Tyr 104Met Hbond,-0.49718354850123514
103Thr 190Lys Hbond,-0.3731190561263352
145Asn 214Glu Hbond,-0.3464277247775743
103Thr 185Trp Hbond,0.3417126244481694
102Ile 209Lys Hbond,-0.3253184304564363
192Ala 195Leu Hydrophobic,0.2899176398931688
189Asp 209Lys Saltbr,-0.26146813061685753
80Tyr 107Asn Hbond,-0.2556814723662356
103Thr 209Lys Hbond,-0.2518569110050612
40Arg 134Val Hbond,-0.24205737586755005
141Glu 145Asn Hbond,-0.23601056319532573
215Arg 240Glu Saltbr,0.23416178821420505
40Arg 155Thr Hbond,-0.23080899383318107
48Lys 106Asp Saltbr,0.22552123512692593
139Arg 146Glu Saltbr,0.22121323145808022
193Gly 198Ser Hbond,0.2169817321269358
194Pro 198Ser Hbond,-0.21129052883822513
43Met 46Thr Hbond,-0.19023199059501572
102Ile 182Leu Hydrophobic,-0.18698565889331095
79Glu 107Asn Hbond,0.18660270899251377
192Ala 196Leu Hydrophobic,0.18561532266099254
101Ala 209Lys Hbond,0.18383540660568265
146Glu 215Arg Saltbr,-0.18290597906726103
146Glu 153Arg Saltbr,0.18274326290354556
99Ala 103Thr Hbond,-0.17296323566976146
112Leu 116Thr Hbond,0.16789230825672877
103Thr 188Ala Hbond,-0.16608482967501612
47Phe 137Leu Hydrophobic,-0.16389246021318407
192Ala 197Arg Hbond,0.16038781848624317
47Phe 51Leu Hydrophobic,-0.15313506902397436
57Ala 173Ile Hydrophobic,0.1501722019601019
95Ala 99Ala Hydrophobic,-0.1480090293548954
42Pro 147Ala Hydrophobic,-0.1479810805864954
134Val 160Ala Hydrophobic,-0.14738783251350485
215Arg 239Thr Hbond,0.14385916641533553
101Ala 110Ala Hydrophobic,0.14093458623899738
49Val 221Ile Hydrophobic,-0.13916206794032526
194Pro 253Ala Hydrophobic,0.13667327073269214
36Arg 39Glu Saltbr,-0.13602077575703642
81Ser 85Glu Hbond,-0.13326369656910525
105Ser 209Lys Hbond,0.13179128701913434
211Gly 218Arg Hbond,0.1310708343388144
23Val 158Pro Hydrophobic,-0.1305189639548415
26Asp 166Arg Saltbr,0.12990150493228933
101Ala 105Ser Hbond,-0.12827570617789552
99Ala 102Ile Hydrophobic,-0.12604463230140817
3Pro 258Ala Hydrophobic,0.12373701660234586
195Leu 198Ser Hbond,0.12358441232783757
196Leu 252Ile Hydrophobic,0.1215434411320293
58Arg 116Thr Hbond,-0.12014811228475117
111Asn 141Glu Hbond,-0.1201122765145489
81Ser 106Asp Hbond,0.11858504639391523
191Val 195Leu Hydrophobic,0.11767598509690558
2Hip 254Glu Hbond,-0.11643564486054013
192Ala 220Ile Hydrophobic,0.11416784304209084
42Pro 237Tyr Hbond,-0.11239789047080312
175Ser 179Arg Hbond,0.11034551067387935
41Phe 238Leu Hydrophobic,0.11022217083915689
189Asp 197Arg Saltbr,-0.11011586412202029
27Leu 169Leu Hydrophobic,0.11006299583209532
50Leu 54Ala Hydrophobic,0.1085502687795843
66Leu 93Thr Hbond,-0.10828841669431359
29Ser 166Arg Hbond,0.10806437922730093
107Asn 141Glu Hbond,-0.1075293713819065
113Leu 117Ile Hydrophobic,0.10745524043072509
132Asp 164Thr Hbond,-0.10694384498827943
19Arg 40Arg Hbond,-0.10683976532433749
114Leu 137Leu Hydrophobic,-0.10623529313972258
20Val 41Phe Hydrophobic,-0.10615801819935348
191Val 194Pro Hydrophobic,0.10583598737027461
168Leu 174Leu Hydrophobic,0.10517615247561156
15Gln 247Glu Hbond,0.10496175852411141
16Leu 242Gln Hbond,0.10380958647062334
40Arg 151Asp Saltbr,0.10349225842461089
174Leu 179Arg Hbond,0.10247284556746546
110Ala 113Leu Hydrophobic,0.09974285881992839
13Glu 36Arg Saltbr,-0.09702276001652105
241Thr 248Arg Hbond,0.09470337442799763
16Leu 243Ala Hydrophobic,0.09350368876984047
16Leu 20Val Hydrophobic,0.09311938370381362
54Ala 117Ile Hydrophobic,0.09298844203237201
131Gly 167Lys Hbond,-0.09189684352216988
55Val 59Val Hydrophobic,-0.0909299172413009
221Ile 235Val Hydrophobic,-0.0908787737643648
47Phe 110Ala Hydrophobic,-0.0895690969812632
54Ala 58Arg Hbond,-0.08857361312300546
207Ala 222Ala Hydrophobic,-0.08821669292450723
50Leu 127Leu Hydrophobic,0.08691363813895539
186Met 197Arg Hbond,0.0868902460560415
107Asn 111Asn Hbond,-0.08674167261451311
218Arg 249Asn Hbond,-0.08630919185669546
19Arg 39Glu Saltbr,-0.0860600839581332
46Thr 237Tyr Hbond,-0.08600724597892744
136Arg 152Glu Saltbr,-0.08593053655217481
223Val 233Ile Hydrophobic,-0.08566998589249397
97Leu 109Ala Hydrophobic,0.08467995494856773
126Phe 129Asn Hbond,-0.08247748353762903
169Leu 182Leu Hydrophobic,-0.08245572199829458
151Asp 155Thr Hbond,-0.0823296596957144
197Arg 206Ile Hbond,0.08130737702423738
247Glu 250Gln Hbond,0.08112268237128463
139Arg 153Arg Hbond,-0.08042753119880992
28Ala 166Arg Hbond,0.07961932030889655
27Leu 170Thr Hbond,0.07873421794295914
168Leu 182Leu Hydrophobic,-0.07844081108362898
71Hie 89Ala Hbond,0.07772102885174442
17Ser 242Gln Hbond,0.0774922372228943
9Ile 255Ile Hydrophobic,-0.0771781945904885
41Phe 158Pro Hydrophobic,0.07713759915841967
60Asp 175Ser Hbond,0.07665559101520035
58Arg 63Leu Hbond,-0.07658068920887771
220Ile 234Val Hydrophobic,0.07657549246156413
252Ile 255Ile Hydrophobic,-0.07654794905366805
24Glu 31Arg Saltbr,0.07649070672146559
120Pro 124Thr Hbond,0.07629106415571439
169Leu 183Ile Hydrophobic,-0.07628561794453577
222Ala 233Ile Hydrophobic,-0.07627565689533468
125Ala 128Arg Hbond,0.07608886179837214
158Pro 235Val Hydrophobic,-0.07568089703296584
58Arg 117Ile Hbond,0.07528035815829079
27Leu 166Arg Hbond,0.07505789619694056
142Thr 146Glu Hbond,0.0739805582253338
55Val 117Ile Hydrophobic,0.07308714004080391
81Ser 108Thr Hbond,0.07293108916142724
48Lys 141Glu Saltbr,-0.07230877289409682
49Val 182Leu Hydrophobic,0.0712398241616632
220Ile 235Val Hydrophobic,-0.07054242015052982
5Thr 258Ala Hbond,0.06985093140682812
47Phe 114Leu Hydrophobic,-0.06954037160983358
25Leu 163Ala Hydrophobic,0.06948923336632634
19Arg 240Glu Saltbr,-0.06941423118981735
126Phe 173Ile Hydrophobic,0.06940087398853281
197Arg 208Asp Saltbr,0.06920450129323039
27Leu 223Val Hydrophobic,-0.06854764272068933
51Leu 110Ala Hydrophobic,-0.0684991422160313
6Leu 9Ile Hydrophobic,-0.06777723782760352
165Leu 169Leu Hydrophobic,-0.06748965450310981
11Glu 15Gln Hbond,-0.06691826399035536
168Leu 179Arg Hbond,-0.06690874354234369
214Glu 217Ser Hbond,-0.06666495268523669
136Arg 154Asp Saltbr,-0.06538505327019573
78Val 81Ser Hbond,-0.06528083906900808
56Leu 182Leu Hydrophobic,-0.06517258514284621
23Val 235Val Hydrophobic,-0.06502735363716765
195Leu 220Ile Hydrophobic,-0.06453133326554025
169Leu 223Val Hydrophobic,-0.06447002977103962
174Leu 182Leu Hydrophobic,-0.06407183335942215
162Ala 233Ile Hydrophobic,-0.06300232546241116
152Glu 155Thr Hbond,-0.06256080740012702
20Val 236Ile Hydrophobic,-0.06233001688545738
4Gln 7Glu Hbond,-0.06198891018897765
195Leu 253Ala Hydrophobic,0.0615437659284311
20Val 36Arg Hbond,-0.06138838091246437
130Ile 173Ile Hydrophobic,-0.061057511868568975
43Met 237Tyr Hbond,0.06022993029651104
97Leu 113Leu Hydrophobic,-0.06009460879917017
135Thr 156Thr Hbond,-0.059976599731704425
196Leu 220Ile Hydrophobic,-0.059976291125843656
59Val 66Leu Hydrophobic,0.05983972138432601
183Ile 205Phe Hydrophobic,0.059822032573928964
2Hip 8Gln Hbond,-0.05965111055913932
66Leu 94Val Hydrophobic,0.0594860062799762
169Leu 179Arg Hbond,0.059328286737064716
47Phe 144Leu Hydrophobic,0.05905521903477941
216Gly 248Arg Hbond,-0.0588670821560535
101Ala 109Ala Hydrophobic,0.05851055895699062
49Val 165Leu Hydrophobic,0.05801945506838364
50Leu 168Leu Hydrophobic,-0.05765843036659482
23Val 162Ala Hydrophobic,0.05758260084987077
83Val 87Hid Hbond,0.05749947674747965
176Ala 180Gln Hbond,-0.056822371941729156
183Ile 223Val Hydrophobic,0.05614370105209941
71Hie 88Leu Hbond,0.055999352176072235
65Gln 68Arg Hbond,0.05597480820424311
167Lys 172Glu Saltbr,-0.05577338406734416
251Gln 254Glu Hbond,0.055732096597246976
12Ser 251Gln Hbond,0.05572206818071077
25Leu 233Ile Hydrophobic,0.05568348267266126
121Ala 124Thr Hbond,0.055442260544628814
257Ala 260Ile Hydrophobic,-0.05531369683132242
23Val 33Leu Hydrophobic,0.05513063432003844
165Leu 168Leu Hydrophobic,0.05499370524231785
165Leu 221Ile Hydrophobic,-0.05490588326064682
199Val 253Ala Hydrophobic,0.05480734456090093
83Val 100Ala Hydrophobic,-0.054479596062889775
33Leu 259Leu Hydrophobic,0.05400564143691132
145Asn 212Ala Hbond,-0.05369203236587233
162Ala 235Val Hydrophobic,0.05355305843866694
120Pro 137Leu Hydrophobic,-0.053458489644150904
23Val 159Ala Hydrophobic,-0.0521655399939934
196Leu 206Ile Hydrophobic,-0.052125270078958695
138Asp 153Arg Saltbr,-0.051391791038959585
37Ala 159Ala Hydrophobic,0.05125718572177465
123Leu 127Leu Hydrophobic,-0.05124282362075713
255Ile 259Leu Hydrophobic,0.050673207613362886
47Phe 123Leu Hydrophobic,-0.05060696635094224
84Thr 106Asp Hbond,0.05059889264513622
60Asp 178Ser Hbond,0.05053931068312402
216Gly 241Thr Hbond,0.050459653326006736
113Leu 116Thr Hbond,-0.050082124288500646
114Leu 120Pro Hydrophobic,0.050061642077219304
172Glu 179Arg Saltbr,-0.04975809474838249
97Leu 101Ala Hydrophobic,0.04918654170025581
183Ile 207Ala Hydrophobic,0.048685688352701297
127Leu 130Ile Hydrophobic,-0.04862932411463187
124Thr 137Leu Hbond,0.0482597115832771
109Ala 112Leu Hydrophobic,0.04782234849088163
73Arg 76Asp Saltbr,-0.04781689167403757
238Leu 252Ile Hydrophobic,0.047444977334287985
128Arg 135Thr Hbond,-0.04694015448321608
130Ile 167Lys Hbond,0.04681152150673921
201Pro 260Ile Hydrophobic,0.046640772238949746
112Leu 115Ala Hydrophobic,0.046013759572558016
49Val 102Ile Hydrophobic,-0.045996870944162625
51Leu 55Val Hydrophobic,-0.045862569875815454
26Asp 232Arg Saltbr,0.04565604595394651
121Ala 137Leu Hydrophobic,0.045361082560769816
130Ile 168Leu Hydrophobic,0.045182421992950014
162Ala 165Leu Hydrophobic,0.04500144889025417
117Ile 123Leu Hydrophobic,-0.04461647879733016
255Ile 258Ala Hydrophobic,-0.04460296262971069
196Leu 199Val Hydrophobic,0.044004729596190804
51Leu 123Leu Hydrophobic,0.04370688822489752
100Ala 109Ala Hydrophobic,0.04362324149979169
168Leu 173Ile Hydrophobic,0.043413522006117165
137Leu 144Leu Hydrophobic,-0.04336289520500366
128Arg 134Val Hbond,-0.042825394724958145
55Val 113Leu Hydrophobic,0.04265093912335465
20Val 255Ile Hydrophobic,0.0425593605061098
9Ile 20Val Hydrophobic,0.04207122174237055
114Leu 117Ile Hydrophobic,0.042024351503773844
236Ile 255Ile Hydrophobic,-0.041997845833361296
245Met 249Asn Hbond,-0.041744902363388035
47Phe 50Leu Hydrophobic,-0.04139547068474509
2Hip 261Glu Hbond,-0.04113920675971645
13Glu 35Tyr Hbond,-0.040955465035161176
8Gln 254Glu Hbond,0.04079497464576031
64Glu 116Thr Hbond,-0.04049821141104224
117Ile 126Phe Hydrophobic,0.04046313079565781
114Leu 123Leu Hydrophobic,0.039599262045723636
70Ile 112Leu Hydrophobic,-0.0395968060081563
253Ala 257Ala Hydrophobic,-0.03927380708262418
57Ala 126Phe Hydrophobic,-0.038747066189670824
6Leu 33Leu Hydrophobic,-0.038690369050380535
101Ala 113Leu Hydrophobic,-0.03833027773307331
2Hip 257Ala Hbond,0.03783410007632963
220Ile 252Ile Hydrophobic,0.03743537201398
56Leu 66Leu Hydrophobic,0.036796561725950715
210Thr 218Arg Hbond,-0.03660704842425798
58Arg 64Glu Saltbr,-0.03625016221259924
181Gln 184Thr Hbond,0.035929759863034025
97Leu 100Ala Hydrophobic,0.035813067760203585
25Leu 162Ala Hydrophobic,0.0353896062884518
160Ala 164Thr Hbond,0.03532864598915524
187Val 206Ile Hydrophobic,0.035112237269393894
20Val 238Leu Hydrophobic,0.03501153573853043
200Leu 224Leu Hydrophobic,-0.03478494332862956
159Ala 163Ala Hydrophobic,0.03474235236736482
54Ala 57Ala Hydrophobic,0.0347006683351336
51Leu 54Ala Hydrophobic,-0.03437538760466855
158Pro 162Ala Hydrophobic,0.03434925968212409
223Val 230Pro Hydrophobic,0.033587793631106776
187Val 207Ala Hydrophobic,0.03302465384699809
26Asp 29Ser Hbond,0.03297623118028389
57Ala 174Leu Hydrophobic,0.0325121401021578
139Arg 154Asp Saltbr,-0.03229315728060697
10Lys 14Ser Hbond,-0.03213850591292685
8Gln 251Gln Hbond,0.03210525954538054
124Thr 128Arg Hbond,-0.03198346569824137
132Asp 135Thr Hbond,-0.03188286075051938
16Leu 238Leu Hydrophobic,-0.031830756117806704
37Ala 157Thr Hbond,-0.03157621388276226
121Ala 125Ala Hydrophobic,-0.031442574774910526
9Ile 12Ser Hbond,0.031384849285023435
224Leu 230Pro Hydrophobic,0.03104381920572629
175Ser 178Ser Hbond,0.031041750544477192
205Phe 230Pro Hydrophobic,0.030800484653353506
17Ser 241Thr Hbond,0.030048340850189016
196Leu 234Val Hydrophobic,-0.030045139595454833
109Ala 113Leu Hydrophobic,-0.03004288921531759
37Ala 158Pro Hydrophobic,0.02961696224346022
222Ala 234Val Hydrophobic,0.029542723737947706
183Ile 187Val Hydrophobic,0.02938715976086935
147Ala 215Arg Hbond,0.02935922102701186
187Val 205Phe Hydrophobic,0.028185753806076123
62Gly 65Gln Hbond,-0.028126504278912803
51Leu 113Leu Hydrophobic,0.027943573450568377
48Lys 107Asn Hbond,0.027555491446336348
94Val 97Leu Hydrophobic,0.02740326225426715
247Glu 251Gln Hbond,0.027286518007991957
205Phe 224Leu Hydrophobic,-0.02683422588587363
22Met 34Ser Hbond,0.026789010754072896
79Glu 142Thr Hbond,0.02669597290603224
14Ser 17Ser Hbond,-0.02616222178537303
55Val 94Val Hydrophobic,-0.025512510094870877
10Lys 35Tyr Hbond,-0.025283159288801878
97Leu 112Leu Hydrophobic,-0.025071814953997098
51Leu 114Leu Hydrophobic,0.024825274860554324
187Val 197Arg Hbond,0.024454341401599786
196Leu 224Leu Hydrophobic,-0.024203225590004603
50Leu 165Leu Hydrophobic,0.02392384322749535
70Ile 97Leu Hydrophobic,-0.02385652071926341
3Pro 262Hip Hbond,0.023052925023905435
142Thr 145Asn Hbond,-0.023009014975210833
217Ser 239Thr Hbond,0.022207977275427213
165Leu 235Val Hydrophobic,0.022087399444741057
128Arg 133Asn Hbond,-0.021888088595119093
236Ile 252Ile Hydrophobic,-0.021884394973500376
123Leu 137Leu Hydrophobic,0.02180790608934967
94Val 113Leu Hydrophobic,0.021693406233080612
72Tyr 87Hid Hbond,0.021461703892687464
67Asp 93Thr Hbond,0.020841000783070024
123Leu 126Phe Hydrophobic,-0.0207647920129991
139Arg 143Glu Saltbr,0.020356893773276145
128Arg 132Asp Saltbr,-0.02026758758811544
207Ala 223Val Hydrophobic,0.019761678520154504
23Val 37Ala Hydrophobic,-0.01974903445082819
234Val 259Leu Hydrophobic,-0.019569372181777435
196Leu 260Ile Hydrophobic,-0.019456456811522818
110Ala 114Leu Hydrophobic,-0.01935114888033639
195Leu 252Ile Hydrophobic,0.01927176982138104
10Lys 13Glu Saltbr,-0.018863062787228126
11Glu 14Ser Hbond,-0.018510325584598693
206Ile 224Leu Hydrophobic,-0.018314309586316135
66Leu 95Ala Hydrophobic,0.017596135185697748
8Gln 11Glu Hbond,0.016847104628320907
15Gln 251Gln Hbond,-0.01650123101886507
56Leu 59Val Hydrophobic,0.016399185619065074
177Ala 180Gln Hbond,0.015861707027510944
244Ser 248Arg Hbond,0.015814621362224033
206Ile 222Ala Hydrophobic,0.0157483906377747
6Leu 10Lys Hbond,-0.015119826680879113
86Lys 90Asp Saltbr,0.014969353891282094
71Hie 90Asp Hbond,-0.014948882313539889
125Ala 129Asn Hbond,0.014788973295581565
57Ala 61Ala Hydrophobic,0.014670661259425531
120Pro 123Leu Hydrophobic,-0.014581927084047949
232Arg 263Trp Hbond,0.014555519504846463
68Arg 93Thr Hbond,0.014473063988888027
39Glu 157Thr Hbond,-0.014326758375572964
171Gly 179Arg Hbond,-0.013984420877494153
205Phe 223Val Hydrophobic,0.013869999041662782
221Ile 234Val Hydrophobic,0.013589939087495312
186Met 209Lys Hbond,-0.013569959534700537
93Thr 96Glu Hbond,0.013489108399280365
27Leu 233Ile Hydrophobic,-0.013395099489109488
8Gln 12Ser Hbond,-0.013124426026683855
199Val 260Ile Hydrophobic,-0.013117322328214609
165Leu 222Ala Hydrophobic,-0.013006085137748768
217Ser 248Arg Hbond,-0.01223984183428875
126Phe 168Leu Hydrophobic,0.012223498354585919
27Leu 230Pro Hydrophobic,-0.012220375651155179
23Val 233Ile Hydrophobic,0.012211654379903219
50Leu 123Leu Hydrophobic,0.012188536674824882
24Glu 32Thr Hbond,-0.011671834017278145
56Leu 174Leu Hydrophobic,0.01160521445653251
250Gln 254Glu Hbond,-0.011351818578679045
206Ile 223Val Hydrophobic,-0.011065518256526208
246Asp 249Asn Hbond,0.010890323978211705
7Glu 10Lys Saltbr,-0.010888245665908687
246Asp 250Gln Hbond,0.010639787799258456
226Pro 229Lys Hbond,-0.010528006076443512
243Ala 248Arg Hbond,-0.010364700290623408
160Ala 163Ala Hydrophobic,-0.010245238043557934
220Ile 236Ile Hydrophobic,-0.010185242537522732
200Leu 205Phe Hydrophobic,-0.009983454680975841
40Arg 152Glu Saltbr,-0.009909278329014656
6Leu 35Tyr Hbond,0.009845170954188458
165Leu 233Ile Hydrophobic,0.008131941063374703
54Ala 126Phe Hydrophobic,-0.008095276406907211
163Ala 167Lys Hbond,0.008063401446615272
170Thr 179Arg Hbond,-0.007453154606366151
70Ile 94Val Hydrophobic,-0.007264032485392646
69Arg 91Gly Hbond,-0.007256957270470759
200Leu 260Ile Hydrophobic,-0.007212733429582242
139Arg 151Asp Saltbr,0.00680835043052782
68Arg 116Thr Hbond,-0.00668970377667804
26Asp 31Arg Saltbr,0.00605785142041226
87Hid 91Gly Hbond,-0.005993283152781836
24Glu 232Arg Saltbr,0.005852399514351276
38Asp 157Thr Hbond,-0.005709125214886786
169Leu 233Ile Hydrophobic,-0.005705194392557906
200Leu 206Ile Hydrophobic,-0.005495818778639672
180Gln 184Thr Hbond,-0.0052297483056029425
13Glu 19Arg Saltbr,-0.0050326553123730975
49Val 168Leu Hydrophobic,0.004442542963487497
82Pro 86Lys Hbond,0.00440394235105282
224Leu 231Ser Hbond,-0.004026154703843125
199Val 257Ala Hydrophobic,-0.003994669567424393
148Leu 215Arg Hbond,-0.003852114303840902
87Hid 90Asp Hbond,-0.003553726523089416
51Leu 117Ile Hydrophobic,-0.0034981644997526223
244Ser 247Glu Hbond,-0.003352791647144836
50Leu 126Phe Hydrophobic,0.0032947757944558087
196Leu 200Leu Hydrophobic,0.003274559896624482
224Leu 234Val Hydrophobic,-0.003218272636236617
23Val 234Val Hydrophobic,0.003129791366649752
196Leu 222Ala Hydrophobic,0.0030754087350918138
224Leu 260Ile Hydrophobic,-0.002788766584349919
64Glu 68Arg Saltbr,-0.0027836549289826174
69Arg 90Asp Saltbr,-0.002015340257589252
54Ala 123Leu Hydrophobic,0.0014388533229169698
77Leu 88Leu Hydrophobic,-0.0014256024106872045
159Ala 162Ala Hydrophobic,0.0013234244593404762
166Arg 170Thr Hbond,-0.0010059668583469758
126Phe 130Ile Hydrophobic,-0.0010035972734027182
177Ala 181Gln Hbond,-0.00090602531534182
207Ala 221Ile Hydrophobic,-0.0009039606023793161
195Leu 199Val Hydrophobic,-0.0008325197526019117
31Arg 263Trp Hbond,0.000822249681428864
16Leu 241Thr Hbond,-0.0007831790450083405
72Tyr 84Thr Hbond,0.0003787120462351018
69Arg 93Thr Hbond,-0.00011618734965074952
2Hip 262Hip Hbond,7.370205766242561e-05
