Feature,Score
48Lys 105Ser Hbond,0.30963
80Tyr 104Met Hbond,0.20918
105Ser 209Lys Hbond,0.1776
103Thr 190Lys Hbond,0.17375
103Thr 209Lys Hbond,0.15687
103Thr 185Trp Hbond,0.10773
192Ala 195Leu Hydrophobic,0.1019
192Ala 196Leu Hydrophobic,0.09915
146Glu 215Arg Saltbr,0.0968
145Asn 214Glu Hbond,0.09201
193Gly 198Ser Hbond,0.08736
101Ala 209Lys Hbond,0.08561
189Asp 209Lys Saltbr,0.08294
102Ile 209Lys Hbond,0.07641
48Lys 106Asp Saltbr,0.07483
191Val 195Leu Hydrophobic,0.07388
139Arg 146Glu Saltbr,0.06853
194Pro 253Ala Hydrophobic,0.06345
192Ala 197Arg Hbond,0.06159
187Val 197Arg Hbond,0.05733
194Pro 198Ser Hbond,0.05635
80Tyr 107Asn Hbond,0.05523
40Arg 155Thr Hbond,0.05519
192Ala 220Ile Hydrophobic,0.0531
191Val 194Pro Hydrophobic,0.05113
40Arg 134Val Hbond,0.05043
99Ala 103Thr Hbond,0.04568
195Leu 198Ser Hbond,0.04474
43Met 46Thr Hbond,0.04174
49Val 221Ile Hydrophobic,0.04139
48Lys 107Asn Hbond,0.04115
215Arg 240Glu Saltbr,0.04109
146Glu 153Arg Saltbr,0.04037
189Asp 197Arg Saltbr,0.03907
124Thr 137Leu Hbond,0.03795
186Met 197Arg Hbond,0.03776
20Val 36Arg Hbond,0.03725
187Val 206Ile Hydrophobic,0.03634
103Thr 188Ala Hbond,0.03623
141Glu 145Asn Hbond,0.03594
145Asn 212Ala Hbond,0.03591
134Val 160Ala Hydrophobic,0.03287
137Leu 144Leu Hydrophobic,0.03222
128Arg 132Asp Saltbr,0.03148
57Ala 173Ile Hydrophobic,0.03134
168Leu 179Arg Hbond,0.03082
215Arg 239Thr Hbond,0.03066
114Leu 137Leu Hydrophobic,0.03055
197Arg 208Asp Saltbr,0.02965
48Lys 141Glu Saltbr,0.02856
218Arg 249Asn Hbond,0.02832
195Leu 253Ala Hydrophobic,0.02774
16Leu 243Ala Hydrophobic,0.02705
102Ile 182Leu Hydrophobic,0.02692
19Arg 40Arg Hbond,0.02604
47Phe 110Ala Hydrophobic,0.02557
138Asp 153Arg Saltbr,0.02508
79Glu 142Thr Hbond,0.02498
197Arg 206Ile Hbond,0.02361
107Asn 111Asn Hbond,0.02309
136Arg 152Glu Saltbr,0.02309
112Leu 116Thr Hbond,0.02303
128Arg 135Thr Hbond,0.02289
169Leu 182Leu Hydrophobic,0.02195
40Arg 151Asp Saltbr,0.02177
19Arg 39Glu Saltbr,0.02141
17Ser 241Thr Hbond,0.02129
50Leu 54Ala Hydrophobic,0.02103
49Val 168Leu Hydrophobic,0.02097
97Leu 109Ala Hydrophobic,0.02055
27Leu 169Leu Hydrophobic,0.02032
207Ala 222Ala Hydrophobic,0.02031
13Glu 36Arg Saltbr,0.02029
25Leu 163Ala Hydrophobic,0.02012
6Leu 9Ile Hydrophobic,0.02008
47Phe 137Leu Hydrophobic,0.01992
128Arg 133Asn Hbond,0.01979
221Ile 235Val Hydrophobic,0.01969
19Arg 240Glu Saltbr,0.01966
167Lys 172Glu Saltbr,0.01965
27Leu 166Arg Hbond,0.01964
56Leu 66Leu Hydrophobic,0.0193
47Phe 51Leu Hydrophobic,0.01925
47Phe 144Leu Hydrophobic,0.01898
16Leu 242Gln Hbond,0.0184
79Glu 107Asn Hbond,0.0184
24Glu 31Arg Saltbr,0.01828
136Arg 154Asp Saltbr,0.01817
50Leu 165Leu Hydrophobic,0.01788
42Pro 147Ala Hydrophobic,0.01762
236Ile 255Ile Hydrophobic,0.01731
172Glu 179Arg Saltbr,0.01722
126Phe 173Ile Hydrophobic,0.01672
195Leu 199Val Hydrophobic,0.01641
130Ile 168Leu Hydrophobic,0.01623
26Asp 166Arg Saltbr,0.01608
196Leu 252Ile Hydrophobic,0.01607
54Ala 117Ile Hydrophobic,0.01599
41Phe 158Pro Hydrophobic,0.01581
107Asn 141Glu Hbond,0.01571
165Leu 235Val Hydrophobic,0.01567
47Phe 50Leu Hydrophobic,0.01555
58Arg 116Thr Hbond,0.01545
109Ala 112Leu Hydrophobic,0.01541
95Ala 99Ala Hydrophobic,0.01534
142Thr 146Glu Hbond,0.01532
24Glu 32Thr Hbond,0.0153
101Ala 105Ser Hbond,0.01517
6Leu 10Lys Hbond,0.01512
81Ser 85Glu Hbond,0.01504
151Asp 155Thr Hbond,0.01503
207Ala 223Val Hydrophobic,0.01488
142Thr 145Asn Hbond,0.01486
56Leu 174Leu Hydrophobic,0.01484
3Pro 258Ala Hydrophobic,0.01479
81Ser 106Asp Hbond,0.01465
55Val 59Val Hydrophobic,0.01456
211Gly 218Arg Hbond,0.01442
41Phe 238Leu Hydrophobic,0.01404
174Leu 179Arg Hbond,0.01398
100Ala 109Ala Hydrophobic,0.01394
20Val 255Ile Hydrophobic,0.01373
111Asn 141Glu Hbond,0.01369
165Leu 222Ala Hydrophobic,0.01366
2Hip 8Gln Hbond,0.01361
168Leu 173Ile Hydrophobic,0.01343
210Thr 218Arg Hbond,0.01343
97Leu 113Leu Hydrophobic,0.0134
252Ile 255Ile Hydrophobic,0.01319
216Gly 241Thr Hbond,0.01308
128Arg 134Val Hbond,0.01304
38Asp 157Thr Hbond,0.01298
47Phe 123Leu Hydrophobic,0.01297
101Ala 110Ala Hydrophobic,0.01297
11Glu 15Gln Hbond,0.01296
25Leu 162Ala Hydrophobic,0.0129
78Val 81Ser Hbond,0.01288
13Glu 19Arg Saltbr,0.01283
69Arg 90Asp Saltbr,0.01253
135Thr 156Thr Hbond,0.01245
199Val 253Ala Hydrophobic,0.01235
29Ser 166Arg Hbond,0.01233
131Gly 167Lys Hbond,0.01217
132Asp 164Thr Hbond,0.01213
17Ser 242Gln Hbond,0.0121
23Val 33Leu Hydrophobic,0.01209
99Ala 102Ile Hydrophobic,0.01186
125Ala 129Asn Hbond,0.01174
171Gly 179Arg Hbond,0.0113
110Ala 113Leu Hydrophobic,0.01124
196Leu 200Leu Hydrophobic,0.01105
20Val 236Ile Hydrophobic,0.01103
65Gln 68Arg Hbond,0.01084
132Asp 135Thr Hbond,0.01081
187Val 205Phe Hydrophobic,0.01081
8Gln 12Ser Hbond,0.01057
84Thr 106Asp Hbond,0.0105
81Ser 108Thr Hbond,0.01032
226Pro 229Lys Hbond,0.01028
196Leu 220Ile Hydrophobic,0.01014
82Pro 86Lys Hbond,0.01008
23Val 162Ala Hydrophobic,0.01006
170Thr 179Arg Hbond,0.00999
13Glu 35Tyr Hbond,0.00987
50Leu 168Leu Hydrophobic,0.00978
37Ala 158Pro Hydrophobic,0.00976
214Glu 217Ser Hbond,0.00969
196Leu 260Ile Hydrophobic,0.00959
37Ala 157Thr Hbond,0.00954
253Ala 257Ala Hydrophobic,0.00954
42Pro 237Tyr Hbond,0.00934
87Hid 90Asp Hbond,0.00921
69Arg 93Thr Hbond,0.00908
250Gln 254Glu Hbond,0.00907
58Arg 117Ile Hbond,0.009
23Val 235Val Hydrophobic,0.00898
60Asp 175Ser Hbond,0.00887
51Leu 123Leu Hydrophobic,0.00881
222Ala 234Val Hydrophobic,0.00881
9Ile 20Val Hydrophobic,0.00876
160Ala 164Thr Hbond,0.00868
83Val 87Hid Hbond,0.00867
87Hid 91Gly Hbond,0.00863
70Ile 112Leu Hydrophobic,0.00863
196Leu 234Val Hydrophobic,0.00852
43Met 237Tyr Hbond,0.00848
49Val 165Leu Hydrophobic,0.00838
113Leu 117Ile Hydrophobic,0.00825
168Leu 174Leu Hydrophobic,0.00824
139Arg 143Glu Saltbr,0.00823
163Ala 167Lys Hbond,0.00817
62Gly 65Gln Hbond,0.00808
181Gln 184Thr Hbond,0.00803
201Pro 260Ile Hydrophobic,0.00802
147Ala 215Arg Hbond,0.00794
55Val 113Leu Hydrophobic,0.00792
36Arg 39Glu Saltbr,0.00775
244Ser 247Glu Hbond,0.00767
26Asp 232Arg Saltbr,0.00757
247Glu 251Gln Hbond,0.00752
51Leu 110Ala Hydrophobic,0.00749
23Val 233Ile Hydrophobic,0.00745
245Met 249Asn Hbond,0.00744
152Glu 155Thr Hbond,0.0073
244Ser 248Arg Hbond,0.0072
97Leu 100Ala Hydrophobic,0.00719
10Lys 13Glu Saltbr,0.0069
51Leu 117Ile Hydrophobic,0.00675
6Leu 35Tyr Hbond,0.00674
234Val 259Leu Hydrophobic,0.00642
195Leu 220Ile Hydrophobic,0.00641
16Leu 20Val Hydrophobic,0.00636
220Ile 252Ile Hydrophobic,0.00634
169Leu 183Ile Hydrophobic,0.00621
238Leu 252Ile Hydrophobic,0.00621
158Pro 235Val Hydrophobic,0.00617
123Leu 127Leu Hydrophobic,0.00616
37Ala 159Ala Hydrophobic,0.00607
39Glu 157Thr Hbond,0.00593
114Leu 120Pro Hydrophobic,0.00593
58Arg 63Leu Hbond,0.00592
66Leu 93Thr Hbond,0.00589
94Val 113Leu Hydrophobic,0.00588
207Ala 221Ile Hydrophobic,0.00583
50Leu 127Leu Hydrophobic,0.00559
206Ile 223Val Hydrophobic,0.00559
10Lys 14Ser Hbond,0.00554
121Ala 137Leu Hydrophobic,0.00533
199Val 260Ile Hydrophobic,0.0053
117Ile 126Phe Hydrophobic,0.00522
16Leu 241Thr Hbond,0.0052
51Leu 54Ala Hydrophobic,0.00507
9Ile 255Ile Hydrophobic,0.00488
139Arg 153Arg Hbond,0.00484
183Ile 223Val Hydrophobic,0.00473
168Leu 182Leu Hydrophobic,0.00458
15Gln 251Gln Hbond,0.00453
130Ile 167Lys Hbond,0.00447
124Thr 128Arg Hbond,0.00445
69Arg 91Gly Hbond,0.00443
222Ala 233Ile Hydrophobic,0.00438
56Leu 59Val Hydrophobic,0.00432
66Leu 94Val Hydrophobic,0.00418
148Leu 215Arg Hbond,0.00406
47Phe 114Leu Hydrophobic,0.00401
139Arg 151Asp Saltbr,0.00396
26Asp 29Ser Hbond,0.00388
51Leu 113Leu Hydrophobic,0.00387
187Val 207Ala Hydrophobic,0.00382
220Ile 235Val Hydrophobic,0.00373
60Asp 178Ser Hbond,0.00357
57Ala 174Leu Hydrophobic,0.00353
200Leu 206Ile Hydrophobic,0.00351
68Arg 93Thr Hbond,0.00347
2Hip 254Glu Hbond,0.00343
165Leu 221Ile Hydrophobic,0.0034
49Val 182Leu Hydrophobic,0.00325
126Phe 130Ile Hydrophobic,0.00321
195Leu 252Ile Hydrophobic,0.00318
110Ala 114Leu Hydrophobic,0.00315
169Leu 233Ile Hydrophobic,0.00311
40Arg 152Glu Saltbr,0.00307
51Leu 55Val Hydrophobic,0.00306
112Leu 115Ala Hydrophobic,0.00305
206Ile 222Ala Hydrophobic,0.00266
101Ala 109Ala Hydrophobic,0.00264
55Val 94Val Hydrophobic,0.0026
27Leu 170Thr Hbond,0.00257
196Leu 206Ile Hydrophobic,0.00247
23Val 159Ala Hydrophobic,0.00243
174Leu 182Leu Hydrophobic,0.00233
25Leu 233Ile Hydrophobic,0.00223
177Ala 181Gln Hbond,0.00222
162Ala 165Leu Hydrophobic,0.0022
186Met 209Lys Hbond,0.00211
66Leu 95Ala Hydrophobic,0.00208
70Ile 97Leu Hydrophobic,0.00202
206Ile 224Leu Hydrophobic,0.00202
224Leu 231Ser Hbond,0.00185
196Leu 199Val Hydrophobic,0.00179
165Leu 169Leu Hydrophobic,0.00178
56Leu 182Leu Hydrophobic,0.00176
31Arg 263Trp Hbond,0.00159
120Pro 124Thr Hbond,0.00153
54Ala 123Leu Hydrophobic,0.0014
127Leu 130Ile Hydrophobic,0.00139
251Gln 254Glu Hbond,0.00137
236Ile 252Ile Hydrophobic,0.00127
232Arg 263Trp Hbond,0.00125
175Ser 178Ser Hbond,0.00122
220Ile 236Ile Hydrophobic,0.00117
162Ala 233Ile Hydrophobic,0.00116
27Leu 230Pro Hydrophobic,0.00112
16Leu 238Leu Hydrophobic,0.00109
71Hie 90Asp Hbond,0.00089
123Leu 137Leu Hydrophobic,0.00081
160Ala 163Ala Hydrophobic,0.00067
10Lys 35Tyr Hbond,0.00064
77Leu 88Leu Hydrophobic,0.00062
57Ala 61Ala Hydrophobic,0.0005
22Met 34Ser Hbond,0.00047
50Leu 123Leu Hydrophobic,0.00047
3Pro 262Hip Hbond,0.00044
12Ser 251Gln Hbond,0.00042
177Ala 180Gln Hbond,0.00042
183Ile 207Ala Hydrophobic,0.00026
27Leu 223Val Hydrophobic,0.00024
73Arg 76Asp Saltbr,0.00013
93Thr 96Glu Hbond,0.00013
196Leu 224Leu Hydrophobic,0.0001
23Val 158Pro Hydrophobic,8e-05
247Glu 250Gln Hbond,5e-05
54Ala 58Arg Hbond,4e-05
4Gln 7Glu Hbond,0.0
6Leu 33Leu Hydrophobic,0.0
7Glu 10Lys Saltbr,0.0
8Gln 11Glu Hbond,0.0
9Ile 12Ser Hbond,0.0
11Glu 14Ser Hbond,0.0
14Ser 17Ser Hbond,0.0
20Val 41Phe Hydrophobic,0.0
2Hip 257Ala Hbond,0.0
2Hip 261Glu Hbond,0.0
2Hip 262Hip Hbond,0.0
23Val 37Ala Hydrophobic,0.0
26Asp 31Arg Saltbr,0.0
5Thr 258Ala Hbond,0.0
54Ala 57Ala Hydrophobic,0.0
58Arg 64Glu Saltbr,0.0
59Val 66Leu Hydrophobic,0.0
64Glu 68Arg Saltbr,0.0
67Asp 93Thr Hbond,0.0
70Ile 94Val Hydrophobic,0.0
71Hie 88Leu Hbond,0.0
71Hie 89Ala Hbond,0.0
72Tyr 84Thr Hbond,0.0
72Tyr 87Hid Hbond,0.0
8Gln 251Gln Hbond,0.0
8Gln 254Glu Hbond,0.0
86Lys 90Asp Saltbr,0.0
94Val 97Leu Hydrophobic,0.0
15Gln 247Glu Hbond,0.0
20Val 238Leu Hydrophobic,0.0
23Val 234Val Hydrophobic,0.0
24Glu 232Arg Saltbr,0.0
27Leu 233Ile Hydrophobic,0.0
28Ala 166Arg Hbond,0.0
33Leu 259Leu Hydrophobic,0.0
46Thr 237Tyr Hbond,0.0
49Val 102Ile Hydrophobic,0.0
50Leu 126Phe Hydrophobic,0.0
51Leu 114Leu Hydrophobic,0.0
54Ala 126Phe Hydrophobic,0.0
55Val 117Ile Hydrophobic,0.0
57Ala 126Phe Hydrophobic,0.0
64Glu 116Thr Hbond,0.0
68Arg 116Thr Hbond,0.0
83Val 100Ala Hydrophobic,0.0
97Leu 101Ala Hydrophobic,0.0
97Leu 112Leu Hydrophobic,0.0
101Ala 113Leu Hydrophobic,0.0
109Ala 113Leu Hydrophobic,0.0
113Leu 116Thr Hbond,0.0
114Leu 117Ile Hydrophobic,0.0
114Leu 123Leu Hydrophobic,0.0
117Ile 123Leu Hydrophobic,0.0
120Pro 123Leu Hydrophobic,0.0
120Pro 137Leu Hydrophobic,0.0
121Ala 124Thr Hbond,0.0
121Ala 125Ala Hydrophobic,0.0
123Leu 126Phe Hydrophobic,0.0
125Ala 128Arg Hbond,0.0
126Phe 129Asn Hbond,0.0
126Phe 168Leu Hydrophobic,0.0
130Ile 173Ile Hydrophobic,0.0
139Arg 154Asp Saltbr,0.0
158Pro 162Ala Hydrophobic,0.0
159Ala 162Ala Hydrophobic,0.0
159Ala 163Ala Hydrophobic,0.0
162Ala 235Val Hydrophobic,0.0
165Leu 168Leu Hydrophobic,0.0
165Leu 233Ile Hydrophobic,0.0
166Arg 170Thr Hbond,0.0
169Leu 179Arg Hbond,0.0
169Leu 223Val Hydrophobic,0.0
175Ser 179Arg Hbond,0.0
176Ala 180Gln Hbond,0.0
180Gln 184Thr Hbond,0.0
183Ile 187Val Hydrophobic,0.0
183Ile 205Phe Hydrophobic,0.0
196Leu 222Ala Hydrophobic,0.0
199Val 257Ala Hydrophobic,0.0
200Leu 205Phe Hydrophobic,0.0
200Leu 224Leu Hydrophobic,0.0
200Leu 260Ile Hydrophobic,0.0
205Phe 223Val Hydrophobic,0.0
205Phe 224Leu Hydrophobic,0.0
205Phe 230Pro Hydrophobic,0.0
216Gly 248Arg Hbond,0.0
217Ser 239Thr Hbond,0.0
217Ser 248Arg Hbond,0.0
220Ile 234Val Hydrophobic,0.0
221Ile 234Val Hydrophobic,0.0
223Val 230Pro Hydrophobic,0.0
223Val 233Ile Hydrophobic,0.0
224Leu 230Pro Hydrophobic,0.0
224Leu 234Val Hydrophobic,0.0
224Leu 260Ile Hydrophobic,0.0
241Thr 248Arg Hbond,0.0
243Ala 248Arg Hbond,0.0
246Asp 249Asn Hbond,0.0
246Asp 250Gln Hbond,0.0
255Ile 258Ala Hydrophobic,0.0
255Ile 259Leu Hydrophobic,0.0
257Ala 260Ile Hydrophobic,0.0
