Feature,Score
98Glu 103Tyr Hbond,0.355747370456692
102Thr 184Trp Hbond,0.3028988897785042
47Lys 104Ser Hbond,-0.2979150301765479
207Asp 219Ash Hbond,-0.2843421872812223
194Arg 210Gly Hbond,0.2794836394412747
102Thr 189Lys Hbond,-0.23223801769597746
140Glu 144Asn Hbond,-0.22658296811401413
103Tyr 189Lys Hbond,-0.19993690583361406
100Ala 104Ser Hbond,-0.18950177111452052
210Gly 217Thr Hbond,0.18696810899505453
104Ser 190Thr Hbond,0.18654620659197754
190Thr 194Arg Hbond,-0.18344462038420406
106Asn 140Glu Hbond,-0.16275876899037892
48Ala 220Ile Hydrophobic,0.16217616364423765
41Pro 218Asn Hbond,-0.15754335106879866
190Thr 209Thr Hbond,-0.1516813054152554
79Tyr 106Asn Hbond,0.14676719806155286
194Arg 217Thr Hbond,0.13824024882939223
42Met 218Asn Hbond,0.13691907116261956
102Thr 190Thr Hbond,-0.13689508897909708
164Leu 221Ala Hydrophobic,-0.13629479116152812
189Lys 196Arg Hbond,0.13416665200888322
185Leu 196Arg Hbond,-0.133427857509972
131Asp 163Thr Hbond,-0.13156592152325722
188Asn 207Asp Hbond,-0.12815313863827735
104Ser 208Lys Hbond,-0.12513314932582845
194Arg 209Thr Hbond,0.12438807530409374
186Leu 196Arg Hbond,-0.12324664173467974
98Glu 102Thr Hbond,-0.11829603958531831
101Ile 208Lys Hbond,-0.11806652810751081
46Phe 143Leu Hydrophobic,0.11411475534412778
101Ile 181Leu Hydrophobic,-0.11217517185812838
210Gly 218Asn Hbond,0.11207546220956419
195Leu 221Ala Hydrophobic,-0.11159994036849273
131Asp 166Lys Saltbr,-0.11043547191587433
220Ile 235Val Hydrophobic,-0.10972315064545785
188Asn 196Arg Hbond,0.10795004971587406
209Thr 219Ash Hbond,-0.10699737019400475
188Asn 209Thr Hbond,-0.10474818211306867
99Ala 108Ala Hydrophobic,0.10450517015740261
80Ser 105Asp Hbond,0.10185953455760295
100Ala 208Lys Hbond,0.098628067698604
77Val 141Pro Hydrophobic,-0.09499948171499259
78Asp 106Asn Hbond,0.09499656349346518
195Leu 233Val Hydrophobic,0.09495936975063841
80Ser 107Thr Hbond,0.09488811618185178
164Leu 222Val Hydrophobic,-0.09469106241789861
199Leu 205Val Hydrophobic,-0.09452853126786681
169Leu 178Arg Hbond,0.09331223941504495
47Lys 105Asp Saltbr,0.09330105234587674
194Arg 248Asp Saltbr,0.09293683062644004
220Ile 234Ala Hydrophobic,-0.09211278718918989
102Thr 208Lys Hbond,-0.09199581850352069
127Arg 134Thr Hbond,-0.0881596009111307
190Thr 208Lys Hbond,-0.08755727602193972
167Leu 178Arg Hbond,0.08739464989179785
131Asp 134Thr Hbond,-0.08622552301068218
22Ala 161Ala Hydrophobic,0.08599816325418044
189Lys 192Asp Saltbr,0.0855300941885587
157Pro 234Ala Hydrophobic,-0.08221080714303253
1Ala 7Gln Hbond,0.07837078206585792
110Asn 140Glu Hbond,-0.0775122702185324
173Leu 178Arg Hbond,-0.07562178239224551
195Leu 254Val Hydrophobic,0.07531096659252845
137Asp 152Arg Saltbr,0.07479925980066408
82Val 86Hid Hbond,0.07465704889806438
25Asp 228Arg Saltbr,-0.07356637488249818
196Arg 207Asp Saltbr,0.0732418755090317
25Asp 30Arg Saltbr,0.07251543019857144
194Arg 211Thr Hbond,0.0723880053970251
106Asn 110Asn Hbond,-0.07216642990245685
100Ala 112Leu Hydrophobic,-0.07108571215509246
164Leu 169Leu Hydrophobic,0.06993964151065478
133Val 159Ala Hydrophobic,-0.06875724344633867
47Lys 140Glu Saltbr,-0.06822200057320583
51Ala 101Ile Hydrophobic,-0.06775698656112138
39Arg 154Thr Hbond,-0.06767460806676365
193Lys 248Asp Saltbr,0.06736427768294406
205Val 221Ala Hydrophobic,0.06683197853573065
237Tyr 240Ser Hbond,-0.06614113659092556
145Glu 214Hie Hbond,-0.06533004910784661
127Arg 130Gly Hbond,0.06475569852199907
235Val 254Val Hydrophobic,-0.062124785539087575
123Thr 136Leu Hbond,0.061976889494404705
127Arg 131Asp Saltbr,-0.0612837825915244
217Thr 247Arg Hbond,-0.06110367535711581
162Ala 166Lys Hbond,0.06077275343878259
54Val 93Val Hydrophobic,0.0607431267467152
171Asp 178Arg Saltbr,-0.06057808640467729
49Leu 125Phe Hydrophobic,-0.06053366719885002
83Thr 107Thr Hbond,-0.05989010283606125
92Thr 95Glu Hbond,-0.05911462304250099
56Ala 125Phe Hydrophobic,0.05862545090047654
195Leu 252Ala Hydrophobic,0.05835291964234723
96Leu 100Ala Hydrophobic,-0.0580622900269609
109Ala 113Leu Hydrophobic,-0.05784115948846626
15Ser 240Ser Hbond,0.05778164030835432
211Thr 216Thr Hbond,-0.056870314044050845
16Gly 240Ser Hbond,0.05651658694682424
98Glu 184Trp Hbond,-0.05610764992390795
107Thr 110Asn Hbond,0.0560149940257135
155Thr 236Tyr Hbond,-0.05582694065490665
170Gly 178Arg Hbond,0.05535891939277354
108Ala 112Leu Hydrophobic,-0.05436596383944242
159Ala 163Thr Hbond,0.054233673487057765
168Leu 178Arg Hbond,0.05297909144645019
122Leu 126Leu Hydrophobic,0.05266616021060264
258Val 261Ala Hydrophobic,0.052596083640447155
53Ala 122Leu Hydrophobic,0.05244700129707677
51Ala 181Leu Hydrophobic,0.05218165877388355
71Tyr 86Hid Hbond,-0.05215013053126215
161Ala 232Val Hydrophobic,-0.05191146218380056
21Val 234Ala Hydrophobic,-0.05157520410863747
251Ile 254Val Hydrophobic,0.051253445898958354
221Ala 233Val Hydrophobic,-0.051168715884926226
125Phe 129Ile Hydrophobic,-0.05088839629779992
186Leu 205Val Hydrophobic,-0.05082762847737312
138Arg 150Asp Saltbr,0.050792802299617
53Ala 125Phe Hydrophobic,-0.0507766764888247
169Leu 232Val Hydrophobic,0.05046932649379476
54Val 116Leu Hydrophobic,0.049235558114873575
54Val 112Leu Hydrophobic,0.04862656637490279
81Pro 85Lys Hbond,0.04841328075310503
37Asp 158Arg Saltbr,-0.04827889690074317
164Leu 233Val Hydrophobic,0.048277990132535975
63Glu 67Arg Saltbr,0.04738951161554709
216Thr 247Arg Hbond,0.04638488257270752
52Ala 167Leu Hydrophobic,0.045492580655896224
196Arg 205Val Hbond,-0.0454888475176138
213Gly 216Thr Hbond,-0.0454562836989835
217Thr 248Asp Hbond,-0.04495019865083338
77Val 80Ser Hbond,-0.04494906991017879
215Gly 240Ser Hbond,0.044879654920055044
52Ala 125Phe Hydrophobic,-0.044228903246505726
23Val 233Val Hydrophobic,0.0441566907313633
76Leu 87Val Hydrophobic,-0.0431704076976078
167Leu 173Leu Hydrophobic,0.04302305567556614
70Thr 88Gly Hbond,-0.04299145744487975
24Leu 232Val Hydrophobic,-0.04268242830406012
26Thr 165Arg Hbond,0.04245886445872275
12Glu 35Arg Saltbr,0.04227120192817761
86Hid 90Gly Hbond,0.042149553352737595
124Ala 128Ser Hbond,-0.04165851118404084
18Arg 39Arg Hbond,0.04165467828893318
27Ala 230Pro Hydrophobic,-0.041599895204596844
108Ala 111Leu Hydrophobic,-0.04071478347554084
30Arg 262Phe Hbond,-0.040165402531154915
46Phe 136Leu Hydrophobic,-0.03992157325502025
52Ala 181Leu Hydrophobic,0.039720664148044496
221Ala 232Val Hydrophobic,-0.03926877829042055
205Val 223Ile Hydrophobic,0.039113794274830915
188Asn 208Lys Hbond,-0.03880184383824572
23Val 231Ile Hydrophobic,0.038790447626947035
231Ile 258Val Hydrophobic,0.038526366376095224
24Leu 262Phe Hydrophobic,0.03850728289383155
126Leu 129Ile Hydrophobic,-0.03836374536479611
133Val 156Thr Hbond,0.03824839670103173
120Ala 124Ala Hydrophobic,-0.03806323957515516
127Arg 133Val Hbond,-0.03793927553366412
100Ala 109Ala Hydrophobic,0.03788590923372429
4Leu 8Leu Hydrophobic,-0.037797524879415824
46Phe 109Ala Hydrophobic,-0.037710059316968
257Leu 262Phe Hydrophobic,-0.037698899692437
116Leu 121Ala Hydrophobic,-0.0374829674391686
3Ala 261Ala Hydrophobic,-0.0374693301542074
101Ile 185Leu Hydrophobic,0.03740656957290036
164Leu 232Val Hydrophobic,0.03727093248824603
39Arg 133Val Hbond,-0.037239257195839696
249Ala 252Ala Hydrophobic,0.03717480300185989
258Val 262Phe Hydrophobic,0.036956993636004
22Ala 234Ala Hydrophobic,0.036725281801575554
174Ser 177Ser Hbond,-0.03657056606820709
4Leu 261Ala Hydrophobic,-0.036543667489696154
23Val 31Arg Hbond,-0.03645691299522225
79Tyr 103Tyr Hbond,-0.03637523444474138
36Gly 156Thr Hbond,-0.036344338874407654
101Ile 188Asn Hbond,0.03584188133848051
12Glu 34Tyr Hbond,0.03581617405539573
169Leu 230Pro Hydrophobic,0.03577977701515613
161Ala 164Leu Hydrophobic,0.035705501703512145
82Val 99Ala Hydrophobic,-0.03567464231010803
138Arg 145Glu Saltbr,-0.035484388231600134
111Leu 115Ala Hydrophobic,0.035228033687965024
55Leu 181Leu Hydrophobic,0.035189663609028435
2Ala 261Ala Hydrophobic,-0.034623274538944496
36Gly 158Arg Hbond,0.034404280347795003
225Pro 229Ala Hydrophobic,0.03434446322998051
168Leu 182Val Hydrophobic,0.03410108641368692
80Ser 106Asn Hbond,-0.03384136510513285
2Ala 7Gln Hbond,-0.03368910162106696
26Thr 230Pro Hbond,-0.03301972668285474
257Leu 261Ala Hydrophobic,-0.03282833710425586
96Leu 108Ala Hydrophobic,0.03274171274689126
164Leu 168Leu Hydrophobic,0.03197954915573849
96Leu 99Ala Hydrophobic,0.03178990236518303
141Pro 144Asn Hbond,0.03175109025736644
199Leu 223Ile Hydrophobic,-0.03174003286083287
233Val 258Val Hydrophobic,-0.03170512465614544
50Leu 53Ala Hydrophobic,-0.03136895574738812
46Phe 49Leu Hydrophobic,-0.03120562667550034
205Val 222Val Hydrophobic,0.03105211026241951
22Ala 232Val Hydrophobic,-0.03098438508344374
204Arg 224Trp Hbond,-0.030954651297218604
83Thr 105Asp Hbond,-0.029847965866564755
250Val 254Val Hydrophobic,-0.0298363495144485
49Leu 126Leu Hydrophobic,0.029730516667375965
216Thr 238Thr Hbond,0.029537222705883957
55Leu 65Leu Hydrophobic,0.029096746913021835
193Lys 245Glu Saltbr,-0.028685135550277494
7Gln 10Glu Hbond,0.028505518371096227
243Asp 247Arg Saltbr,0.028430826736435565
173Leu 181Leu Hydrophobic,-0.02839807232724973
4Leu 32Ile Hydrophobic,0.028341359333355427
49Leu 167Leu Hydrophobic,-0.02813852022828231
119Pro 122Leu Hydrophobic,-0.028103707364484542
8Leu 21Val Hydrophobic,-0.027928076805811917
129Ile 166Lys Hbond,-0.02769673589476939
194Arg 218Asn Hbond,-0.02766935906886099
121Ala 124Ala Hydrophobic,-0.027471095266697942
235Val 251Ile Hydrophobic,0.027290379061830853
4Leu 262Phe Hydrophobic,-0.027277178858553363
18Arg 238Thr Hbond,0.027236250451062757
113Leu 136Leu Hydrophobic,-0.02711570464673965
161Ala 234Ala Hydrophobic,-0.027026195078733817
23Val 258Val Hydrophobic,-0.026553354613333222
119Pro 123Thr Hbond,0.026428281171284145
214Hie 239Glu Hbond,0.02640850248086528
23Val 232Val Hydrophobic,0.026369030846330473
127Arg 132Glu Saltbr,-0.02612601909558515
113Leu 116Leu Hydrophobic,-0.02483688204065547
23Val 262Phe Hydrophobic,0.024567125615010347
16Gly 237Tyr Hbond,0.024447961775622095
195Leu 251Ile Hydrophobic,0.024126683741921354
68Arg 89Gly Hbond,0.023619517043939327
246Ala 250Val Hydrophobic,0.02358789113219287
225Pro 231Ile Hydrophobic,0.023513478876243832
242Ala 247Arg Hbond,-0.02344836082440402
181Leu 185Leu Hydrophobic,-0.02341962730609844
113Leu 119Pro Hydrophobic,-0.02320509746257576
124Ala 127Arg Hbond,-0.02313709749214585
159Ala 162Ala Hydrophobic,-0.02311498519748057
53Ala 56Ala Hydrophobic,0.02311457184068968
49Leu 52Ala Hydrophobic,-0.023067593377672804
8Leu 19Leu Hydrophobic,-0.02302026324973266
4Leu 23Val Hydrophobic,-0.022812736365830737
55Leu 173Leu Hydrophobic,0.02278991455559376
22Ala 157Pro Hydrophobic,0.022779794946708135
240Ser 247Arg Hbond,-0.02271377047697342
11Leu 257Leu Hydrophobic,-0.022595787466127743
10Glu 14Arg Saltbr,0.02256537636824761
48Ala 101Ile Hydrophobic,0.022562688096977365
199Leu 259Ala Hydrophobic,0.022534126554829493
222Val 231Ile Hydrophobic,0.022340609696702034
59Asp 177Ser Hbond,-0.02231745616230112
68Arg 90Gly Hbond,-0.022150823716692056
93Val 112Leu Hydrophobic,0.022143144413355603
75Asp 107Thr Hbond,-0.02212979927390974
22Ala 233Val Hydrophobic,-0.02202949982322975
125Phe 167Leu Hydrophobic,0.021943925119464483
27Ala 229Ala Hydrophobic,0.02159854399756776
112Leu 116Leu Hydrophobic,0.02148776686098398
28Thr 228Arg Hbond,-0.021332928769495028
55Leu 58Val Hydrophobic,-0.021197787851876964
168Leu 185Leu Hydrophobic,-0.020971234048275358
11Leu 15Ser Hbond,0.02070256152080172
242Ala 246Ala Hydrophobic,0.02065928352074983
176Ala 180Gln Hbond,0.0206180692823818
109Ala 112Leu Hydrophobic,0.020602752612282667
228Arg 262Phe Hbond,0.020535555613965972
166Lys 171Asp Saltbr,0.020531938978755476
24Leu 230Pro Hydrophobic,0.020346183643327517
65Leu 92Thr Hbond,-0.02031337899662147
22Ala 32Ile Hydrophobic,-0.020236545750054652
4Leu 258Val Hydrophobic,-0.020097030802913068
21Val 32Ile Hydrophobic,0.02006823694568972
169Leu 222Val Hydrophobic,-0.019928551799463873
254Val 258Val Hydrophobic,-0.01978468444414711
220Ile 233Val Hydrophobic,-0.019751307946400305
195Leu 199Leu Hydrophobic,-0.019665299169739053
19Leu 250Val Hydrophobic,-0.019603436584506112
231Ile 262Phe Hydrophobic,0.01940512289023553
65Leu 93Val Hydrophobic,-0.019390829573743634
47Lys 106Asn Hbond,0.01923678095902824
58Val 65Leu Hydrophobic,-0.019110767457895212
221Ala 231Ile Hydrophobic,0.01902013047253128
50Leu 122Leu Hydrophobic,0.01851120264835247
8Leu 257Leu Hydrophobic,-0.01837580319098956
8Leu 254Val Hydrophobic,0.018266983015823888
197Ala 252Ala Hydrophobic,0.01825431271288563
96Leu 111Leu Hydrophobic,0.0177947640997981
38Glu 156Thr Hbond,0.01759381604861543
46Phe 50Leu Hydrophobic,0.01748369724540613
14Arg 253Glu Saltbr,-0.01747286217695184
138Arg 153Asp Saltbr,0.017337817599265035
18Arg 38Glu Saltbr,0.01724872009643116
42Met 45Thr Hbond,0.01722092199428973
37Asp 156Thr Hbond,-0.017139872245183433
223Ile 233Val Hydrophobic,-0.017117758212232652
4Leu 257Leu Hydrophobic,0.01710092007261511
125Phe 128Ser Hbond,-0.016984473948345156
46Phe 122Leu Hydrophobic,0.016977019123169047
56Ala 173Leu Hydrophobic,0.01691907100819615
15Ser 241Gln Hbond,0.016909738685200102
182Val 186Leu Hydrophobic,-0.01673026040630179
31Arg 158Arg Hbond,0.016616525984500058
123Thr 127Arg Hbond,-0.01633209873190283
254Val 257Leu Hydrophobic,-0.016282298154804146
9Ala 13Lys Hbond,-0.01605090146883643
24Leu 161Ala Hydrophobic,0.01581513346606352
8Leu 11Leu Hydrophobic,-0.015804456414374665
5Ser 33Ala Hbond,0.015267290526858216
223Ile 231Ile Hydrophobic,0.014902601076204287
55Leu 177Ser Hbond,-0.014897608724986612
211Thr 217Thr Hbond,-0.014744826020469216
57Gln 60Gln Hbond,-0.014558760864138631
168Leu 222Val Hydrophobic,-0.01442027189805546
186Leu 189Lys Hbond,0.014276730564577492
16Gly 241Gln Hbond,0.014263726445962173
23Val 32Ile Hydrophobic,-0.014241070835621372
35Arg 38Glu Saltbr,0.013819057904269844
11Leu 19Leu Hydrophobic,-0.013742316809453996
135Arg 153Asp Saltbr,0.013591697222491697
10Glu 13Lys Saltbr,0.013544207650961634
50Leu 113Leu Hydrophobic,-0.01344408123897232
48Ala 185Leu Hydrophobic,0.013273251342315868
66Asp 92Thr Hbond,0.012854273864824642
186Leu 204Arg Hbond,0.012823279948485337
69Ile 111Leu Hydrophobic,0.012568925904246745
211Thr 247Arg Hbond,0.012228927310257723
134Thr 155Thr Hbond,0.01200733039860773
168Leu 181Leu Hydrophobic,-0.01199523054040528
130Gly 166Lys Hbond,0.011821438834454247
51Ala 55Leu Hydrophobic,-0.01172065095411294
45Thr 236Tyr Hbond,-0.011534271725885097
185Leu 205Val Hydrophobic,-0.010955680850335704
129Ile 167Leu Hydrophobic,0.010799508999423007
21Val 254Val Hydrophobic,-0.010695370790604716
24Leu 231Ile Hydrophobic,0.01066335045201817
65Leu 94Ala Hydrophobic,-0.01061799052610018
22Ala 33Ala Hydrophobic,-0.010488007191730188
50Leu 109Ala Hydrophobic,-0.010044157249432964
53Ala 57Gln Hbond,0.009740922686114636
113Leu 122Leu Hydrophobic,-0.00954831554356768
30Arg 261Ala Hbond,0.009424284199467567
21Val 33Ala Hydrophobic,0.009270862093820722
222Val 230Pro Hydrophobic,-0.009252553514748865
52Ala 56Ala Hydrophobic,0.009139582631897238
11Leu 250Val Hydrophobic,0.00913346176078758
56Ala 60Gln Hbond,0.009106897792607547
167Leu 172Ala Hydrophobic,0.009010598603697108
57Gln 62Lys Hbond,-0.008911712525208544
151Pro 154Thr Hbond,-0.008802267816065664
49Leu 122Leu Hydrophobic,0.008712993917837862
50Leu 54Val Hydrophobic,-0.008711977035963596
52Ala 173Leu Hydrophobic,-0.00870999573426516
182Val 185Leu Hydrophobic,-0.00863308746527316
41Pro 146Ala Hydrophobic,0.008625426868489206
215Gly 247Arg Hbond,-0.008526731745789445
18Arg 239Glu Saltbr,0.008482791620000717
57Gln 115Ala Hbond,-0.008348302957481511
49Leu 53Ala Hydrophobic,-0.008248669901227135
82Val 85Lys Hbond,-0.0081962711141905
197Ala 256Arg Hbond,-0.008180445747202164
165Arg 169Leu Hbond,-0.008175412485129614
129Ile 172Ala Hydrophobic,-0.007922851648299957
164Leu 167Leu Hydrophobic,-0.007908270272355689
25Asp 28Thr Hbond,0.007810884139967226
136Leu 143Leu Hydrophobic,0.0075148469043884595
46Phe 113Leu Hydrophobic,-0.007430029224850514
222Val 232Val Hydrophobic,0.007337294635939487
198Gly 256Arg Hbond,-0.007326849590285638
72Ser 75Asp Hbond,-0.007320096206575546
110Asn 114Glu Hbond,0.007171405246069627
68Arg 92Thr Hbond,-0.007111899102283864
40Phe 157Pro Hydrophobic,0.007031314178748228
112Leu 115Ala Hydrophobic,-0.006942098923136063
195Leu 235Val Hydrophobic,-0.006858297852059923
253Glu 256Arg Saltbr,0.0067047100583398885
116Leu 122Leu Hydrophobic,-0.006692139732311288
50Leu 112Leu Hydrophobic,0.006598863112618684
122Leu 136Leu Hydrophobic,-0.006529300242548942
256Arg 260Glu Saltbr,-0.0062553389128672705
246Ala 249Ala Hydrophobic,0.006252241957381792
120Ala 136Leu Hydrophobic,0.006247801192111647
93Val 96Leu Hydrophobic,-0.006195327957074264
100Ala 108Ala Hydrophobic,0.006182298826060332
51Ala 54Val Hydrophobic,-0.006081175973566721
119Pro 136Leu Hydrophobic,-0.0059835141949393066
32Ile 262Phe Hydrophobic,-0.0059644329156124005
11Leu 254Val Hydrophobic,-0.005775430865251266
259Ala 262Phe Hydrophobic,-0.0057662203663656
15Ser 237Tyr Hbond,-0.005732100160529586
192Asp 196Arg Saltbr,-0.005544839201574349
50Leu 116Leu Hydrophobic,0.005519532137358737
21Val 157Pro Hydrophobic,0.005302067711865434
225Pro 230Pro Hydrophobic,0.004670310585036207
24Leu 162Ala Hydrophobic,-0.00433299660411284
223Ile 230Pro Hydrophobic,-0.004285474833001048
48Ala 52Ala Hydrophobic,-0.004265251900802808
164Leu 220Ile Hydrophobic,0.0036992298154162983
122Leu 125Phe Hydrophobic,0.0036274715579598304
21Val 235Val Hydrophobic,0.003352527125114251
48Ala 181Leu Hydrophobic,-0.0032740406922529977
71Tyr 83Thr Hbond,0.0031856242039189522
3Ala 7Gln Hbond,-0.0030607061234527192
19Leu 235Val Hydrophobic,0.0027028371440478336
121Ala 125Phe Hydrophobic,0.002666017370857988
161Ala 165Arg Hbond,-0.0024843791187595366
96Leu 112Leu Hydrophobic,-0.002465958228375005
70Thr 89Gly Hbond,0.0024536422109795214
19Leu 254Val Hydrophobic,0.0024159033390914898
57Gln 116Leu Hbond,-0.002391114175706255
19Leu 40Phe Hydrophobic,0.002364734242122531
12Glu 15Ser Hbond,-0.0022058121718610568
69Ile 96Leu Hydrophobic,0.0021671236870877005
157Pro 161Ala Hydrophobic,0.002136838137860026
199Leu 258Val Hydrophobic,-0.0020531068566515876
52Ala 55Leu Hydrophobic,0.0018007624894341248
200Pro 259Ala Hydrophobic,0.0015773168310989805
138Arg 142Glu Saltbr,0.001548370926109078
69Ile 93Val Hydrophobic,0.001505615398655468
53Ala 116Leu Hydrophobic,-0.001412329153503386
212Gly 247Arg Hbond,0.001211148594029239
12Glu 18Arg Saltbr,-0.0011636670915527037
180Gln 183Asp Hbond,0.0010346277385893546
167Leu 181Leu Hydrophobic,0.000888200086898013
54Val 58Val Hydrophobic,0.0006653833387473042
216Thr 237Tyr Hbond,-0.0005025957820965032
59Asp 174Ser Hbond,-0.00039208585803277696
48Ala 51Ala Hydrophobic,-5.660401945968677e-05
