Feature,Score
98Glu 103Tyr Hbond,0.11513
47Lys 104Ser Hbond,0.1149
194Arg 210Gly Hbond,0.07771
207Asp 219Ash Hbond,0.07539
188Asn 209Thr Hbond,0.06892
104Ser 190Thr Hbond,0.06472
103Tyr 189Lys Hbond,0.0617
102Thr 184Trp Hbond,0.06068
190Thr 209Thr Hbond,0.0575
190Thr 194Arg Hbond,0.05228
102Thr 189Lys Hbond,0.04899
188Asn 207Asp Hbond,0.0465
220Ile 235Val Hydrophobic,0.04384
100Ala 104Ser Hbond,0.04318
102Thr 208Lys Hbond,0.04248
104Ser 208Lys Hbond,0.04203
188Asn 208Lys Hbond,0.03884
140Glu 144Asn Hbond,0.03814
100Ala 208Lys Hbond,0.0378
42Met 218Asn Hbond,0.03731
189Lys 196Arg Hbond,0.03685
185Leu 196Arg Hbond,0.03463
47Lys 105Asp Saltbr,0.03283
194Arg 211Thr Hbond,0.03147
79Tyr 106Asn Hbond,0.03046
194Arg 218Asn Hbond,0.02994
196Arg 207Asp Saltbr,0.02992
190Thr 208Lys Hbond,0.02867
106Asn 140Glu Hbond,0.02595
47Lys 106Asn Hbond,0.02511
217Thr 247Arg Hbond,0.02395
102Thr 190Thr Hbond,0.0235
210Gly 217Thr Hbond,0.02316
93Val 112Leu Hydrophobic,0.0226
127Arg 134Thr Hbond,0.02228
19Leu 40Phe Hydrophobic,0.02216
78Asp 106Asn Hbond,0.02155
101Ile 188Asn Hbond,0.0215
69Ile 93Val Hydrophobic,0.02095
164Leu 222Val Hydrophobic,0.02092
251Ile 254Val Hydrophobic,0.02065
37Asp 158Arg Saltbr,0.02061
48Ala 220Ile Hydrophobic,0.01986
131Asp 163Thr Hbond,0.01975
50Leu 53Ala Hydrophobic,0.01932
79Tyr 103Tyr Hbond,0.01896
216Thr 247Arg Hbond,0.01832
24Leu 262Phe Hydrophobic,0.01794
168Leu 178Arg Hbond,0.01792
195Leu 221Ala Hydrophobic,0.01747
122Leu 136Leu Hydrophobic,0.0174
186Leu 196Arg Hbond,0.01707
161Ala 164Leu Hydrophobic,0.01685
75Asp 107Thr Hbond,0.01663
108Ala 111Leu Hydrophobic,0.01651
21Val 254Val Hydrophobic,0.01647
24Leu 231Ile Hydrophobic,0.0164
189Lys 192Asp Saltbr,0.01593
120Ala 124Ala Hydrophobic,0.0159
55Leu 65Leu Hydrophobic,0.01583
129Ile 167Leu Hydrophobic,0.0154
22Ala 33Ala Hydrophobic,0.01537
124Ala 127Arg Hbond,0.01534
31Arg 158Arg Hbond,0.01513
246Ala 249Ala Hydrophobic,0.01507
194Arg 217Thr Hbond,0.01488
195Leu 235Val Hydrophobic,0.01486
168Leu 222Val Hydrophobic,0.01433
213Gly 216Thr Hbond,0.01428
30Arg 261Ala Hbond,0.01424
136Leu 143Leu Hydrophobic,0.0142
25Asp 228Arg Saltbr,0.01401
174Ser 177Ser Hbond,0.01396
100Ala 108Ala Hydrophobic,0.01388
209Thr 219Ash Hbond,0.01378
110Asn 140Glu Hbond,0.01377
24Leu 230Pro Hydrophobic,0.0137
77Val 141Pro Hydrophobic,0.01356
127Arg 130Gly Hbond,0.01348
164Leu 233Val Hydrophobic,0.01347
47Lys 140Glu Saltbr,0.01331
145Glu 214Hie Hbond,0.01306
188Asn 196Arg Hbond,0.01276
22Ala 232Val Hydrophobic,0.01266
246Ala 250Val Hydrophobic,0.01266
54Val 112Leu Hydrophobic,0.01254
106Asn 110Asn Hbond,0.01246
138Arg 153Asp Saltbr,0.01229
41Pro 218Asn Hbond,0.01228
256Arg 260Glu Saltbr,0.01228
173Leu 181Leu Hydrophobic,0.01221
212Gly 247Arg Hbond,0.01219
257Leu 261Ala Hydrophobic,0.01208
23Val 262Phe Hydrophobic,0.01198
10Glu 14Arg Saltbr,0.0118
51Ala 55Leu Hydrophobic,0.01167
258Val 262Phe Hydrophobic,0.01165
21Val 32Ile Hydrophobic,0.01159
35Arg 38Glu Saltbr,0.01151
4Leu 257Leu Hydrophobic,0.01139
243Asp 247Arg Saltbr,0.01136
235Val 254Val Hydrophobic,0.01135
164Leu 221Ala Hydrophobic,0.01128
167Leu 173Leu Hydrophobic,0.01127
25Asp 30Arg Saltbr,0.01124
49Leu 126Leu Hydrophobic,0.01115
39Arg 133Val Hbond,0.01113
22Ala 157Pro Hydrophobic,0.01112
259Ala 262Phe Hydrophobic,0.01095
39Arg 154Thr Hbond,0.01093
18Arg 239Glu Saltbr,0.01084
109Ala 113Leu Hydrophobic,0.01083
197Ala 252Ala Hydrophobic,0.01068
195Leu 233Val Hydrophobic,0.01061
195Leu 254Val Hydrophobic,0.01024
81Pro 85Lys Hbond,0.01016
4Leu 8Leu Hydrophobic,0.01013
98Glu 102Thr Hbond,0.01009
138Arg 142Glu Saltbr,0.01
127Arg 132Glu Saltbr,0.00996
23Val 32Ile Hydrophobic,0.00988
124Ala 128Ser Hbond,0.00986
55Leu 173Leu Hydrophobic,0.00981
173Leu 178Arg Hbond,0.0098
50Leu 122Leu Hydrophobic,0.00978
71Tyr 86Hid Hbond,0.00962
52Ala 55Leu Hydrophobic,0.00959
141Pro 144Asn Hbond,0.00956
101Ile 181Leu Hydrophobic,0.00954
101Ile 185Leu Hydrophobic,0.00944
138Arg 145Glu Saltbr,0.00939
50Leu 54Val Hydrophobic,0.00921
12Glu 35Arg Saltbr,0.00916
70Thr 89Gly Hbond,0.00907
21Val 157Pro Hydrophobic,0.00906
1Ala 7Gln Hbond,0.00896
222Val 231Ile Hydrophobic,0.00892
30Arg 262Phe Hbond,0.00883
24Leu 162Ala Hydrophobic,0.00866
83Thr 105Asp Hbond,0.00857
223Ile 233Val Hydrophobic,0.00856
50Leu 113Leu Hydrophobic,0.00854
109Ala 112Leu Hydrophobic,0.00848
215Gly 240Ser Hbond,0.00845
196Arg 205Val Hbond,0.0084
211Thr 216Thr Hbond,0.00838
23Val 31Arg Hbond,0.00815
220Ile 233Val Hydrophobic,0.00814
214Hie 239Glu Hbond,0.0081
56Ala 125Phe Hydrophobic,0.00807
65Leu 94Ala Hydrophobic,0.00804
100Ala 112Leu Hydrophobic,0.00785
205Val 223Ile Hydrophobic,0.00778
257Leu 262Phe Hydrophobic,0.00772
8Leu 19Leu Hydrophobic,0.00762
68Arg 89Gly Hbond,0.00759
133Val 159Ala Hydrophobic,0.00759
11Leu 257Leu Hydrophobic,0.00758
21Val 33Ala Hydrophobic,0.00754
80Ser 106Asn Hbond,0.00743
82Val 99Ala Hydrophobic,0.0074
225Pro 231Ile Hydrophobic,0.00737
176Ala 180Gln Hbond,0.00722
86Hid 90Gly Hbond,0.00719
52Ala 181Leu Hydrophobic,0.00709
96Leu 112Leu Hydrophobic,0.0069
48Ala 52Ala Hydrophobic,0.00686
101Ile 208Lys Hbond,0.00686
24Leu 232Val Hydrophobic,0.00682
231Ile 262Phe Hydrophobic,0.00679
53Ala 125Phe Hydrophobic,0.00658
186Leu 189Lys Hbond,0.00654
223Ile 231Ile Hydrophobic,0.00653
68Arg 90Gly Hbond,0.00652
113Leu 122Leu Hydrophobic,0.00632
194Arg 209Thr Hbond,0.00612
23Val 231Ile Hydrophobic,0.00603
168Leu 182Val Hydrophobic,0.00602
205Val 221Ala Hydrophobic,0.00596
119Pro 123Thr Hbond,0.00587
71Tyr 83Thr Hbond,0.00586
66Asp 92Thr Hbond,0.00584
129Ile 172Ala Hydrophobic,0.00583
258Val 261Ala Hydrophobic,0.00578
15Ser 237Tyr Hbond,0.0057
216Thr 238Thr Hbond,0.0057
155Thr 236Tyr Hbond,0.00569
112Leu 116Leu Hydrophobic,0.00564
131Asp 166Lys Saltbr,0.0056
186Leu 204Arg Hbond,0.0056
110Asn 114Glu Hbond,0.00559
113Leu 116Leu Hydrophobic,0.00546
45Thr 236Tyr Hbond,0.00541
225Pro 230Pro Hydrophobic,0.00539
225Pro 229Ala Hydrophobic,0.00536
159Ala 163Thr Hbond,0.00533
231Ile 258Val Hydrophobic,0.00528
59Asp 177Ser Hbond,0.00522
113Leu 119Pro Hydrophobic,0.00508
3Ala 261Ala Hydrophobic,0.00506
53Ala 122Leu Hydrophobic,0.00485
55Leu 177Ser Hbond,0.00484
48Ala 181Leu Hydrophobic,0.00473
15Ser 240Ser Hbond,0.00466
137Asp 152Arg Saltbr,0.00465
122Leu 125Phe Hydrophobic,0.00458
96Leu 100Ala Hydrophobic,0.00454
249Ala 252Ala Hydrophobic,0.00454
254Val 258Val Hydrophobic,0.00454
215Gly 247Arg Hbond,0.00452
16Gly 240Ser Hbond,0.0045
46Phe 136Leu Hydrophobic,0.00448
32Ile 262Phe Hydrophobic,0.00441
12Glu 34Tyr Hbond,0.00439
4Leu 258Val Hydrophobic,0.00435
41Pro 146Ala Hydrophobic,0.0043
210Gly 218Asn Hbond,0.00407
131Asp 134Thr Hbond,0.00403
250Val 254Val Hydrophobic,0.00391
111Leu 115Ala Hydrophobic,0.00388
10Glu 13Lys Saltbr,0.00374
237Tyr 240Ser Hbond,0.00374
11Leu 254Val Hydrophobic,0.00359
52Ala 167Leu Hydrophobic,0.00359
57Gln 116Leu Hbond,0.00359
77Val 80Ser Hbond,0.00355
222Val 232Val Hydrophobic,0.00343
242Ala 247Arg Hbond,0.00338
76Leu 87Val Hydrophobic,0.00331
204Arg 224Trp Hbond,0.00317
53Ala 57Gln Hbond,0.00314
70Thr 88Gly Hbond,0.00301
112Leu 115Ala Hydrophobic,0.00298
46Phe 143Leu Hydrophobic,0.00286
51Ala 54Val Hydrophobic,0.00279
80Ser 105Asp Hbond,0.00274
56Ala 60Gln Hbond,0.00268
9Ala 13Lys Hbond,0.00264
3Ala 7Gln Hbond,0.00244
12Glu 15Ser Hbond,0.0024
51Ala 101Ile Hydrophobic,0.00215
69Ile 111Leu Hydrophobic,0.00208
168Leu 185Leu Hydrophobic,0.00208
197Ala 256Arg Hbond,0.00208
96Leu 99Ala Hydrophobic,0.00205
228Arg 262Phe Hbond,0.00194
217Thr 248Asp Hbond,0.00193
18Arg 38Glu Saltbr,0.00176
98Glu 184Trp Hbond,0.00175
159Ala 162Ala Hydrophobic,0.00174
254Val 257Leu Hydrophobic,0.00162
27Ala 230Pro Hydrophobic,0.00157
50Leu 109Ala Hydrophobic,0.00149
195Leu 252Ala Hydrophobic,0.00146
56Ala 173Leu Hydrophobic,0.00144
54Val 116Leu Hydrophobic,0.00143
23Val 232Val Hydrophobic,0.00141
46Phe 49Leu Hydrophobic,0.00117
5Ser 33Ala Hbond,0.00114
100Ala 109Ala Hydrophobic,0.00114
223Ile 230Pro Hydrophobic,0.00104
122Leu 126Leu Hydrophobic,0.00101
23Val 233Val Hydrophobic,0.00094
8Leu 257Leu Hydrophobic,0.00092
57Gln 115Ala Hbond,0.00091
59Asp 174Ser Hbond,0.0008
170Gly 178Arg Hbond,0.0008
123Thr 136Leu Hbond,0.00079
138Arg 150Asp Saltbr,0.00074
49Leu 52Ala Hydrophobic,0.00066
25Asp 28Thr Hbond,0.00052
26Thr 230Pro Hbond,0.0005
11Leu 19Leu Hydrophobic,0.00036
8Leu 11Leu Hydrophobic,0.00032
19Leu 250Val Hydrophobic,0.00023
19Leu 235Val Hydrophobic,0.00018
8Leu 21Val Hydrophobic,0.00013
240Ser 247Arg Hbond,4e-05
2Ala 7Gln Hbond,0.0
4Leu 23Val Hydrophobic,0.0
4Leu 32Ile Hydrophobic,0.0
7Gln 10Glu Hbond,0.0
11Leu 15Ser Hbond,0.0
12Glu 18Arg Saltbr,0.0
18Arg 39Arg Hbond,0.0
22Ala 32Ile Hydrophobic,0.0
2Ala 261Ala Hydrophobic,0.0
42Met 45Thr Hbond,0.0
4Leu 261Ala Hydrophobic,0.0
4Leu 262Phe Hydrophobic,0.0
46Phe 50Leu Hydrophobic,0.0
48Ala 51Ala Hydrophobic,0.0
49Leu 53Ala Hydrophobic,0.0
52Ala 56Ala Hydrophobic,0.0
53Ala 56Ala Hydrophobic,0.0
54Val 58Val Hydrophobic,0.0
54Val 93Val Hydrophobic,0.0
55Leu 58Val Hydrophobic,0.0
57Gln 60Gln Hbond,0.0
57Gln 62Lys Hbond,0.0
58Val 65Leu Hydrophobic,0.0
63Glu 67Arg Saltbr,0.0
65Leu 92Thr Hbond,0.0
65Leu 93Val Hydrophobic,0.0
68Arg 92Thr Hbond,0.0
69Ile 96Leu Hydrophobic,0.0
72Ser 75Asp Hbond,0.0
8Leu 254Val Hydrophobic,0.0
82Val 85Lys Hbond,0.0
82Val 86Hid Hbond,0.0
92Thr 95Glu Hbond,0.0
93Val 96Leu Hydrophobic,0.0
11Leu 250Val Hydrophobic,0.0
14Arg 253Glu Saltbr,0.0
15Ser 241Gln Hbond,0.0
16Gly 237Tyr Hbond,0.0
16Gly 241Gln Hbond,0.0
18Arg 238Thr Hbond,0.0
19Leu 254Val Hydrophobic,0.0
21Val 234Ala Hydrophobic,0.0
21Val 235Val Hydrophobic,0.0
22Ala 161Ala Hydrophobic,0.0
22Ala 233Val Hydrophobic,0.0
22Ala 234Ala Hydrophobic,0.0
23Val 258Val Hydrophobic,0.0
24Leu 161Ala Hydrophobic,0.0
26Thr 165Arg Hbond,0.0
27Ala 229Ala Hydrophobic,0.0
28Thr 228Arg Hbond,0.0
36Gly 156Thr Hbond,0.0
36Gly 158Arg Hbond,0.0
37Asp 156Thr Hbond,0.0
38Glu 156Thr Hbond,0.0
40Phe 157Pro Hydrophobic,0.0
46Phe 109Ala Hydrophobic,0.0
46Phe 113Leu Hydrophobic,0.0
46Phe 122Leu Hydrophobic,0.0
48Ala 101Ile Hydrophobic,0.0
48Ala 185Leu Hydrophobic,0.0
49Leu 122Leu Hydrophobic,0.0
49Leu 125Phe Hydrophobic,0.0
49Leu 167Leu Hydrophobic,0.0
50Leu 112Leu Hydrophobic,0.0
50Leu 116Leu Hydrophobic,0.0
51Ala 181Leu Hydrophobic,0.0
52Ala 125Phe Hydrophobic,0.0
52Ala 173Leu Hydrophobic,0.0
53Ala 116Leu Hydrophobic,0.0
55Leu 181Leu Hydrophobic,0.0
80Ser 107Thr Hbond,0.0
83Thr 107Thr Hbond,0.0
96Leu 108Ala Hydrophobic,0.0
96Leu 111Leu Hydrophobic,0.0
99Ala 108Ala Hydrophobic,0.0
107Thr 110Asn Hbond,0.0
108Ala 112Leu Hydrophobic,0.0
113Leu 136Leu Hydrophobic,0.0
116Leu 121Ala Hydrophobic,0.0
116Leu 122Leu Hydrophobic,0.0
119Pro 122Leu Hydrophobic,0.0
119Pro 136Leu Hydrophobic,0.0
120Ala 136Leu Hydrophobic,0.0
121Ala 124Ala Hydrophobic,0.0
121Ala 125Phe Hydrophobic,0.0
123Thr 127Arg Hbond,0.0
125Phe 128Ser Hbond,0.0
125Phe 129Ile Hydrophobic,0.0
125Phe 167Leu Hydrophobic,0.0
126Leu 129Ile Hydrophobic,0.0
127Arg 131Asp Saltbr,0.0
127Arg 133Val Hbond,0.0
129Ile 166Lys Hbond,0.0
130Gly 166Lys Hbond,0.0
133Val 156Thr Hbond,0.0
134Thr 155Thr Hbond,0.0
135Arg 153Asp Saltbr,0.0
151Pro 154Thr Hbond,0.0
157Pro 161Ala Hydrophobic,0.0
157Pro 234Ala Hydrophobic,0.0
161Ala 165Arg Hbond,0.0
161Ala 232Val Hydrophobic,0.0
161Ala 234Ala Hydrophobic,0.0
162Ala 166Lys Hbond,0.0
164Leu 167Leu Hydrophobic,0.0
164Leu 168Leu Hydrophobic,0.0
164Leu 169Leu Hydrophobic,0.0
164Leu 220Ile Hydrophobic,0.0
164Leu 232Val Hydrophobic,0.0
165Arg 169Leu Hbond,0.0
166Lys 171Asp Saltbr,0.0
167Leu 172Ala Hydrophobic,0.0
167Leu 178Arg Hbond,0.0
167Leu 181Leu Hydrophobic,0.0
168Leu 181Leu Hydrophobic,0.0
169Leu 178Arg Hbond,0.0
169Leu 222Val Hydrophobic,0.0
169Leu 230Pro Hydrophobic,0.0
169Leu 232Val Hydrophobic,0.0
171Asp 178Arg Saltbr,0.0
180Gln 183Asp Hbond,0.0
181Leu 185Leu Hydrophobic,0.0
182Val 185Leu Hydrophobic,0.0
182Val 186Leu Hydrophobic,0.0
185Leu 205Val Hydrophobic,0.0
186Leu 205Val Hydrophobic,0.0
192Asp 196Arg Saltbr,0.0
193Lys 245Glu Saltbr,0.0
193Lys 248Asp Saltbr,0.0
194Arg 248Asp Saltbr,0.0
195Leu 199Leu Hydrophobic,0.0
195Leu 251Ile Hydrophobic,0.0
198Gly 256Arg Hbond,0.0
199Leu 205Val Hydrophobic,0.0
199Leu 223Ile Hydrophobic,0.0
199Leu 258Val Hydrophobic,0.0
199Leu 259Ala Hydrophobic,0.0
200Pro 259Ala Hydrophobic,0.0
205Val 222Val Hydrophobic,0.0
211Thr 217Thr Hbond,0.0
211Thr 247Arg Hbond,0.0
216Thr 237Tyr Hbond,0.0
220Ile 234Ala Hydrophobic,0.0
221Ala 231Ile Hydrophobic,0.0
221Ala 232Val Hydrophobic,0.0
221Ala 233Val Hydrophobic,0.0
222Val 230Pro Hydrophobic,0.0
233Val 258Val Hydrophobic,0.0
235Val 251Ile Hydrophobic,0.0
242Ala 246Ala Hydrophobic,0.0
253Glu 256Arg Saltbr,0.0
