Feature,Score
45Lys 102Ser Hbond,-0.48975364809219485
45Lys 103Asp Saltbr,0.4280584245951732
76Asp 104Asn Hbond,-0.3737000315584913
77Tyr 104Asn Hbond,-0.3218424329726612
78Ser 103Asp Hbond,-0.32087188147590534
186Asn 205Asp Hbond,-0.31115245243538464
209Thr 245Arg Hbond,0.2693274511805292
155Pro 232Thr Hbond,-0.26614942571723244
97Ala 101Leu Hydrophobic,0.2528099572137031
215Thr 246Asp Hbond,0.24452925588513508
186Asn 207Thr Hbond,-0.23664096463557346
217Ash 232Thr Hbond,0.2308229424806358
186Asn 206Lys Hbond,0.22905388910976596
188Thr 192Arg Hbond,-0.22330050320435793
100Thr 187Lys Hbond,-0.22094545414524816
193Leu 233Val Hydrophobic,-0.2090872882255977
240Val 245Arg Hbond,-0.20083704022943857
20Ala 232Thr Hbond,-0.2001183882314215
138Glu 142Asn Hbond,-0.19131611663706297
192Arg 246Asp Saltbr,-0.19101971478433583
188Thr 206Lys Hbond,0.18962907809764096
213Gly 245Arg Hbond,-0.189022997390147
191Lys 246Asp Saltbr,-0.1880397392702858
193Leu 231Val Hydrophobic,-0.18359112807382652
44Phe 141Leu Hydrophobic,0.1820620456535598
43Thr 234Tyr Hbond,-0.17976576837851618
195Ala 250Ala Hydrophobic,-0.17830320086690352
78Ser 105Thr Hbond,-0.17775291718262215
216Asn 234Tyr Hbond,-0.17644999590988483
98Ala 102Ser Hbond,-0.16484176769694903
244Ala 248Val Hydrophobic,-0.1633320205573125
241Asp 245Arg Saltbr,-0.16322886107798965
193Leu 249Ile Hydrophobic,-0.15978309569179194
9Leu 252Val Hydrophobic,-0.1596182898262463
46Ala 218Ile Hydrophobic,0.15784103864941987
193Leu 203Val Hydrophobic,0.15776479578781966
162Leu 231Val Hydrophobic,0.1565889481030532
98Ala 206Lys Hbond,-0.1556237519803039
192Arg 243Asp Saltbr,0.14720571639496005
208Gly 215Thr Hbond,0.14648174477838094
190Asp 194Arg Saltbr,0.14422412700346923
12Arg 251Glu Saltbr,-0.1438364467031624
229Ile 256Val Hydrophobic,0.14237182619193278
187Lys 190Asp Saltbr,0.13146388117490823
99Ile 183Leu Hydrophobic,-0.12797062511714735
80Val 97Ala Hydrophobic,-0.12776457916191075
102Ser 206Lys Hbond,-0.127472307361469
75Val 139Pro Hydrophobic,-0.12711881420335328
80Val 101Leu Hydrophobic,0.12579216284761682
28Arg 259Ala Hbond,0.12370871112097084
20Ala 159Ala Hydrophobic,0.11891744600630319
196Gly 254Arg Hbond,-0.11885110576228007
207Thr 217Ash Hbond,-0.11591624098899807
16Arg 37Arg Hbond,-0.11576768883894896
75Val 78Ser Hbond,0.11242422973028611
1Gln 5Gln Hbond,-0.11146287130894998
98Ala 110Leu Hydrophobic,-0.11074821574753689
251Glu 254Arg Saltbr,0.1097982975623457
44Phe 111Leu Hydrophobic,-0.10867787372036421
46Ala 179Leu Hydrophobic,0.10565088098346771
188Thr 207Thr Hbond,-0.10189652754525472
9Leu 13Ser Hbond,0.10153902838034268
244Ala 247Ala Hydrophobic,-0.10119025169211623
191Lys 243Asp Saltbr,-0.0994869893556268
6Leu 17Leu Hydrophobic,0.0987929995551938
226Arg 260Phe Hbond,0.09864719931447906
43Thr 216Asn Hbond,-0.0986355246156222
193Leu 221Ile Hydrophobic,-0.09860169491713704
144Ala 212Hie Hbond,-0.09693931691583757
193Leu 219Ala Hydrophobic,-0.09693779657036063
13Ser 239Gln Hbond,0.09659480187078216
209Thr 215Thr Hbond,-0.09657985919965063
229Ile 259Ala Hydrophobic,0.0951914699200791
99Ile 179Leu Hydrophobic,-0.09148738125160431
231Val 252Val Hydrophobic,0.09126038672202445
45Lys 138Glu Saltbr,0.09089229888114814
44Phe 120Leu Hydrophobic,-0.08971247971279238
108Asn 138Glu Hbond,-0.08920514415317994
238Ser 245Arg Hbond,-0.08834945050234462
10Glu 13Ser Hbond,-0.08754029722259811
179Leu 183Leu Hydrophobic,-0.08686046302148155
20Ala 156Ala Hydrophobic,-0.08675195219090848
17Leu 248Val Hydrophobic,0.08643135828485463
68Thr 86Gly Hbond,0.08628206771704239
221Ile 231Val Hydrophobic,-0.08465408784608017
193Leu 250Ala Hydrophobic,0.08441604939806181
3Ser 31Ala Hbond,-0.08340375574446651
106Ala 109Leu Hydrophobic,-0.08238647523090147
37Arg 131Val Hbond,-0.08159968350366532
79Pro 83Lys Hbond,-0.08140454639757055
16Arg 236Thr Hbond,-0.0802530427784561
186Asn 194Arg Hbond,-0.07938156901602378
207Thr 216Asn Hbond,0.07777663028369913
45Lys 104Asn Hbond,-0.07712008180748266
14Gly 238Ser Hbond,-0.07677903595451561
252Val 256Val Hydrophobic,-0.07639213316514422
1Gln 258Glu Hbond,0.07588590910732684
193Leu 252Val Hydrophobic,-0.07566477714961369
106Ala 110Leu Hydrophobic,-0.07550327192701824
33Arg 36Glu Saltbr,-0.07545307000451036
218Ile 231Val Hydrophobic,-0.07481335151223226
162Leu 230Val Hydrophobic,0.0747064240723692
104Asn 108Asn Hbond,-0.07462521590081966
99Ile 206Lys Hbond,-0.07304917287728115
159Ala 230Val Hydrophobic,-0.07290332517329175
219Ala 230Val Hydrophobic,-0.0718585136697374
6Leu 19Val Hydrophobic,-0.0716779462932732
125Arg 130Glu Saltbr,-0.07141223002759028
205Asp 217Ash Hbond,-0.06966117253163424
242Ala 245Arg Hbond,-0.06877392398048586
6Leu 255Leu Hydrophobic,-0.06847578023520154
215Thr 245Arg Hbond,-0.06785750124567688
125Arg 128Gly Hbond,0.06784071922875276
209Thr 214Thr Hbond,-0.06758391343892549
156Ala 159Ala Hydrophobic,-0.06694804138294246
28Arg 260Phe Hbond,0.06614450033272186
143Glu 212Hie Hbond,-0.06612820225732972
2Leu 256Val Hydrophobic,-0.06577001444574651
167Leu 176Arg Hbond,0.06479604674310704
21Val 259Ala Hydrophobic,0.06452845362973443
162Leu 219Ala Hydrophobic,-0.06448035199210525
167Leu 230Val Hydrophobic,0.06416946559173266
125Arg 132Thr Hbond,-0.0640112249494135
184Val 203Val Hydrophobic,-0.0638155087127061
40Met 43Thr Hbond,-0.06374497768781943
78Ser 81Thr Hbond,-0.06218927948908393
37Arg 152Thr Hbond,-0.06204645134973988
20Ala 230Val Hydrophobic,-0.06163074596251519
197Leu 257Val Hydrophobic,-0.06146946942543299
96Glu 182Trp Hbond,-0.06129129297298781
2Leu 255Leu Hydrophobic,-0.05971671380582704
223Pro 260Phe Hydrophobic,0.059078820346512184
187Lys 194Arg Hbond,0.05849249704071023
100Thr 206Lys Hbond,-0.05809360520019196
44Phe 134Leu Hydrophobic,-0.05764633121165853
8Glu 11Lys Saltbr,0.057221425521765484
223Pro 227Ala Hydrophobic,0.05716581414266182
160Ala 164Thr Hbond,0.05691347046659083
29Arg 156Ala Hbond,0.05679076362196167
9Leu 248Val Hydrophobic,-0.05675763781948077
159Ala 162Leu Hydrophobic,0.056173533941178
221Ile 256Val Hydrophobic,0.055796405266708114
20Ala 31Ala Hydrophobic,-0.055299083852066895
21Val 231Val Hydrophobic,0.054176508291523436
23Asp 226Arg Saltbr,-0.054109245970306474
257Val 260Phe Hydrophobic,0.05391313397561675
248Val 252Val Hydrophobic,0.05378504633581578
40Met 216Asn Hbond,0.05363454583256492
192Arg 209Thr Hbond,0.053544048061233966
78Ser 104Asn Hbond,-0.053454382204832854
127Ile 164Thr Hbond,-0.05280876190869753
79Pro 101Leu Hydrophobic,-0.05276486717123827
44Phe 47Leu Hydrophobic,-0.05272431714831789
94Leu 97Ala Hydrophobic,-0.05216236863438935
131Val 157Ala Hydrophobic,-0.05202294544641707
197Leu 221Ile Hydrophobic,-0.051257101473727376
94Leu 110Leu Hydrophobic,-0.050288272744894204
211Gly 214Thr Hbond,-0.050095214543963866
194Arg 205Asp Saltbr,-0.04991860874927821
34Gly 154Thr Hbond,-0.04968782254909363
2Leu 6Leu Hydrophobic,-0.04916014106596118
162Leu 165Leu Hydrophobic,-0.04874515347301758
223Pro 228Pro Hydrophobic,0.04871603180002155
16Arg 237Glu Saltbr,-0.04817108228906192
46Ala 49Ala Hydrophobic,0.04754010055741041
162Leu 218Ile Hydrophobic,0.04723578870275596
256Val 259Ala Hydrophobic,-0.04688648744185002
44Phe 48Leu Hydrophobic,-0.04626377043263053
197Leu 203Val Hydrophobic,0.046233699648990746
21Val 229Ile Hydrophobic,0.04554534095125008
51Ala 120Leu Hydrophobic,0.04541977738103351
254Arg 258Glu Saltbr,-0.044687315043337526
83Lys 87Asp Saltbr,0.044679774832994595
46Ala 99Ile Hydrophobic,-0.044631649297334194
8Glu 12Arg Saltbr,-0.04440097538562245
19Val 30Ile Hydrophobic,0.044308398931335626
255Leu 260Phe Hydrophobic,0.04417845568019362
2Leu 259Ala Hydrophobic,-0.04388905155879422
119Ala 122Ala Hydrophobic,0.04372484479324308
105Thr 108Asn Hbond,0.04365801495800891
30Ile 259Ala Hydrophobic,-0.04329789884546662
51Ala 114Leu Hydrophobic,0.04191065972091954
9Leu 255Leu Hydrophobic,-0.04160893690606098
55Arg 114Leu Hbond,-0.041287628580375275
125Arg 129Asp Saltbr,-0.041252006154246686
167Leu 228Pro Hydrophobic,0.04081169356749552
49Ala 99Ile Hydrophobic,-0.04063027605298055
39Pro 234Tyr Hbond,0.04029485766796673
123Phe 127Ile Hydrophobic,-0.04023124298942657
114Leu 120Leu Hydrophobic,-0.039734452785997444
104Asn 138Glu Hbond,0.0395154246581771
107Ala 110Leu Hydrophobic,0.0393667210883624
53Leu 175Ser Hbond,0.039173741965358486
233Val 249Ile Hydrophobic,-0.039097068294792606
2Leu 21Val Hydrophobic,-0.039076881577060005
22Leu 228Pro Hydrophobic,0.03899406252159099
127Ile 165Leu Hydrophobic,-0.038986646398060355
136Arg 143Glu Saltbr,-0.03874958702310701
10Glu 33Arg Saltbr,-0.038717337963805144
247Ala 250Ala Hydrophobic,-0.03849471774245951
38Phe 155Pro Hydrophobic,-0.0382589937606836
52Val 114Leu Hydrophobic,0.038239209348115734
73Asp 105Thr Hbond,-0.03811522548439499
47Leu 165Leu Hydrophobic,-0.03794646567269148
51Ala 54Ala Hydrophobic,-0.037712846716890985
25Ala 227Ala Hydrophobic,0.03768783250274586
193Leu 197Leu Hydrophobic,-0.037410899135697645
219Ala 231Val Hydrophobic,0.03631939293977718
166Leu 220Val Hydrophobic,-0.0362491165666761
212Hie 237Glu Hbond,0.03602010175393087
127Ile 170Ala Hydrophobic,-0.0359393780487809
97Ala 106Ala Hydrophobic,-0.035874689049997716
96Glu 100Thr Hbond,0.035786748620399315
47Leu 51Ala Hydrophobic,-0.03574367288849849
16Arg 36Glu Saltbr,-0.03564012121217998
53Leu 56Val Hydrophobic,0.03526066633334647
67Ile 94Leu Hydrophobic,-0.03505330288630869
24Thr 163Arg Hbond,-0.034805862307033655
229Ile 260Phe Hydrophobic,-0.034207546342454986
21Val 230Val Hydrophobic,0.03410188205724347
233Val 252Val Hydrophobic,-0.03405497413682136
46Ala 50Ala Hydrophobic,0.03330766406921594
165Leu 179Leu Hydrophobic,0.03264436046138398
166Leu 180Val Hydrophobic,0.032468569003177954
250Ala 254Arg Hbond,0.032219099278583074
100Thr 188Thr Hbond,-0.03212623748715846
129Asp 161Thr Hbond,-0.031311258263601746
213Gly 238Ser Hbond,0.030743904908927804
1Gln 4Glu Hbond,-0.030532815276254264
54Ala 171Leu Hydrophobic,0.030416075686325678
195Ala 254Arg Hbond,-0.03021943468654904
235Leu 248Val Hydrophobic,0.030185423998600545
121Thr 125Arg Hbond,-0.030150642687014603
168Gly 176Arg Hbond,0.029989533180434326
57Asp 172Ser Hbond,0.029958506941570037
6Leu 252Val Hydrophobic,-0.02989168022135528
25Ala 228Pro Hydrophobic,-0.029572276507040737
177Gln 181Asp Hbond,0.02953583377128125
19Val 252Val Hydrophobic,-0.02949234580548071
110Leu 113Ala Hydrophobic,-0.029412662649478276
111Leu 120Leu Hydrophobic,0.029361349958012373
163Arg 167Leu Hbond,-0.02929754202073812
135Asp 150Arg Saltbr,-0.029136143857193868
91Val 110Leu Hydrophobic,0.028504890616387904
118Ala 134Leu Hydrophobic,0.027295854436974274
231Val 256Val Hydrophobic,-0.027287197736795128
166Leu 183Leu Hydrophobic,-0.02705346435499765
2Leu 5Gln Hbond,0.026832528042163285
54Ala 123Phe Hydrophobic,0.02676158416181149
10Glu 16Arg Saltbr,-0.026346600356369352
143Glu 150Arg Saltbr,-0.026315381713895948
94Leu 98Ala Hydrophobic,-0.02606436027686381
174Ala 177Gln Hbond,-0.02584829886905198
10Glu 32Tyr Hbond,0.025683217508257368
49Ala 52Val Hydrophobic,0.025635542956945215
53Leu 63Leu Hydrophobic,0.02536702390308358
198Pro 257Val Hydrophobic,-0.025218664049100833
48Leu 52Val Hydrophobic,-0.025054121049281987
169Asp 176Arg Saltbr,0.025035693529172506
48Leu 51Ala Hydrophobic,-0.02483646190222248
108Asn 112Glu Hbond,0.024818528795983515
66Arg 87Asp Saltbr,-0.02458493190493551
107Ala 111Leu Hydrophobic,-0.02450910439528008
47Leu 120Leu Hydrophobic,0.0239077249358246
66Arg 88Gly Hbond,0.023897079752182106
55Arg 61Glu Saltbr,0.023151201435515228
52Val 110Leu Hydrophobic,0.023104441874009125
192Arg 208Gly Hbond,0.02282583409981848
249Ile 252Val Hydrophobic,-0.02247211062763298
17Leu 38Phe Hydrophobic,-0.022365666893001533
178Gln 181Asp Hbond,0.022334916805984876
54Ala 58Gln Hbond,-0.021888701668689066
173Pro 176Arg Hbond,-0.02144212707470026
61Glu 65Arg Saltbr,0.021340030229607503
98Ala 107Ala Hydrophobic,-0.021309835597111977
19Val 233Val Hydrophobic,0.02115441425152982
121Thr 134Leu Hbond,-0.020929978734110465
48Leu 111Leu Hydrophobic,0.020663646092405608
49Ala 53Leu Hydrophobic,0.020231209362911746
153Thr 234Tyr Hbond,0.019993577636834205
44Phe 107Ala Hydrophobic,0.019933744331154496
6Leu 9Leu Hydrophobic,0.019819962747593962
235Leu 249Ile Hydrophobic,-0.019649179795582058
21Val 30Ile Hydrophobic,0.019558575444837457
166Leu 179Leu Hydrophobic,0.01934106212801443
69Tyr 84Hie Hbond,0.019339734516050384
23Asp 163Arg Saltbr,0.019211361040222245
2Leu 260Phe Hydrophobic,0.01914843758659813
119Ala 123Phe Hydrophobic,0.018897428198356218
52Val 56Val Hydrophobic,-0.018718323984502808
39Pro 144Ala Hydrophobic,-0.018655499538353822
47Leu 124Leu Hydrophobic,-0.018471987445809215
14Gly 239Gln Hbond,0.01835868679789297
22Leu 159Ala Hydrophobic,0.01829199725873535
55Arg 58Gln Hbond,0.01816720709554463
48Leu 114Leu Hydrophobic,0.01807621776870413
171Leu 179Leu Hydrophobic,-0.017747656400805455
136Arg 148Asp Saltbr,0.017638450213168077
109Leu 113Ala Hydrophobic,0.01757285564805743
167Leu 220Val Hydrophobic,0.017294770095289465
69Tyr 81Thr Hbond,-0.01704667864027751
55Arg 60Lys Hbond,0.017043896613901193
50Ala 54Ala Hydrophobic,0.01693203315243942
51Ala 55Arg Hbond,-0.01680468217067823
157Ala 161Thr Hbond,-0.016516423505704265
20Ala 155Pro Hydrophobic,0.01646403691370753
5Gln 8Glu Hbond,-0.016214632892704094
180Val 183Leu Hydrophobic,0.016087576427116435
192Arg 215Thr Hbond,0.015992695366268767
197Leu 256Val Hydrophobic,0.015697081792066067
63Leu 90Thr Hbond,-0.015420703444954128
136Arg 140Glu Saltbr,0.015335998223753837
183Leu 186Asn Hbond,-0.015269421046697085
49Ala 179Leu Hydrophobic,0.015246195578830345
199Ala 202Arg Hbond,0.015076664980491778
57Asp 175Ser Hbond,0.014863189134960111
220Val 228Pro Hydrophobic,-0.014858314653815985
22Leu 229Ile Hydrophobic,-0.014543775873730583
165Leu 176Arg Hbond,0.014525402792757705
55Arg 113Ala Hbond,0.014501998091270096
47Leu 123Phe Hydrophobic,-0.014452083073578786
134Leu 141Leu Hydrophobic,0.01423033302458823
173Pro 177Gln Hbond,0.0141990306480831
52Val 91Val Hydrophobic,-0.014056684711483584
31Ala 156Ala Hydrophobic,-0.01405354557125463
81Thr 103Asp Hbond,0.013906323186483677
63Leu 92Ala Hydrophobic,-0.013823880010943305
9Leu 17Leu Hydrophobic,-0.01367336913140659
98Ala 106Ala Hydrophobic,0.013503649552584977
155Pro 159Ala Hydrophobic,0.01327775991378836
184Val 194Arg Hbond,-0.013247464168386281
221Ile 229Ile Hydrophobic,-0.01317380537802093
256Val 260Phe Hydrophobic,0.013032039632914716
194Arg 203Val Hbond,0.013025421415043021
111Leu 134Leu Hydrophobic,0.012778477275378432
220Val 230Val Hydrophobic,0.012744742210324546
136Arg 151Asp Saltbr,-0.0126706351554224
120Leu 134Leu Hydrophobic,0.012621955143459505
54Ala 170Ala Hydrophobic,-0.012607358510445215
1Gln 259Ala Hbond,-0.01257997181685156
203Val 220Val Hydrophobic,0.012503281414422085
22Leu 260Phe Hydrophobic,-0.012008876894167521
183Leu 194Arg Hbond,0.01146878901868175
23Asp 28Arg Saltbr,0.011224767661446809
48Leu 120Leu Hydrophobic,0.011142644009979446
111Leu 114Leu Hydrophobic,0.010993224712691131
162Leu 166Leu Hydrophobic,0.010899095292341416
94Leu 106Ala Hydrophobic,-0.010405145051711764
221Ile 228Pro Hydrophobic,0.010249193657611377
22Leu 160Ala Hydrophobic,0.010085487788096616
7Ala 11Lys Hbond,-0.01006793453253191
157Ala 160Ala Hydrophobic,0.010067354082946931
120Leu 123Phe Hydrophobic,0.010046872581099384
240Val 244Ala Hydrophobic,-0.00988135666526234
117Pro 121Thr Hbond,0.009852168586143536
66Arg 90Thr Hbond,0.009849501516601336
21Val 256Val Hydrophobic,0.009802461197808164
50Ala 165Leu Hydrophobic,0.009574708631101707
30Ile 260Phe Hydrophobic,-0.009537540667571006
171Leu 176Arg Hbond,-0.009535773802927576
17Leu 235Leu Hydrophobic,-0.00950499093669656
255Leu 259Ala Hydrophobic,-0.00945841761302175
56Val 62Arg Hbond,0.009382076030921298
65Arg 90Thr Hbond,0.009343914987636039
53Leu 179Leu Hydrophobic,-0.009278442368596818
48Leu 107Ala Hydrophobic,-0.009274773012572369
53Leu 171Leu Hydrophobic,0.009262186528400669
46Ala 183Leu Hydrophobic,-0.00924785356520202
67Ile 109Leu Hydrophobic,-0.00922635684186441
139Pro 142Asn Hbond,-0.009216162837589435
27Gly 163Arg Hbond,-0.009180899921525926
212Hie 236Thr Hbond,0.009062240829712905
111Leu 117Pro Hydrophobic,0.009008510277903854
24Thr 228Pro Hbond,0.008991461198357309
124Leu 127Ile Hydrophobic,0.008976706102144261
20Ala 30Ile Hydrophobic,0.008943198300077622
22Leu 230Val Hydrophobic,0.008849603717217842
68Thr 87Asp Hbond,0.008782522847112813
56Val 63Leu Hydrophobic,-0.008471217154453672
19Val 155Pro Hydrophobic,-0.008386016137692612
252Val 255Leu Hydrophobic,0.00817120082509329
90Thr 93Glu Hbond,-0.008171137357681197
223Pro 229Ile Hydrophobic,0.007938592412608974
38Phe 235Leu Hydrophobic,-0.007832599424477808
220Val 229Ile Hydrophobic,-0.0076075981883455815
94Leu 109Leu Hydrophobic,0.007473490379289339
91Val 94Leu Hydrophobic,-0.007462166547748196
132Thr 153Thr Hbond,0.007454858927475621
114Leu 119Ala Hydrophobic,0.0072012471590058805
192Arg 207Thr Hbond,-0.007101098839996639
47Leu 50Ala Hydrophobic,-0.0064519858127325
74Leu 85Val Hydrophobic,0.006319576244637909
203Val 221Ile Hydrophobic,0.00627871046663978
51Ala 123Phe Hydrophobic,0.006269018408159077
63Leu 91Val Hydrophobic,0.006235247536360639
172Ser 175Ser Hbond,-0.006232971317969496
166Leu 176Arg Hbond,-0.006136255596783487
165Leu 171Leu Hydrophobic,0.005779254253117389
120Leu 124Leu Hydrophobic,0.005626856705019862
67Ile 91Val Hydrophobic,0.005345080423652905
37Arg 149Pro Hbond,0.005226906675893674
118Ala 122Ala Hydrophobic,-0.005123200677855957
50Ala 123Phe Hydrophobic,0.005063544394672021
219Ala 229Ile Hydrophobic,-0.004658657398888928
162Leu 167Leu Hydrophobic,0.004605830170940168
48Leu 110Leu Hydrophobic,-0.004580487911247743
13Ser 238Ser Hbond,-0.004396892583500647
214Thr 236Thr Hbond,-0.0042197008582480705
23Asp 26Thr Hbond,-0.00420377007088998
35Asp 154Thr Hbond,-0.0035516709865683993
123Phe 126Ser Hbond,0.003411494946084035
117Pro 134Leu Hydrophobic,0.0033952654965339456
174Ala 178Gln Hbond,-0.00308844934396788
117Pro 120Leu Hydrophobic,-0.0030500658028087286
129Asp 132Thr Hbond,0.0027432670634467814
161Thr 164Thr Hbond,0.002604045357647844
21Val 260Phe Hydrophobic,-0.002599090249494877
214Thr 245Arg Hbond,-0.0023713027775803023
17Leu 233Val Hydrophobic,-0.0023587421635507693
2Leu 30Ile Hydrophobic,-0.002338757255805648
175Ser 178Gln Hbond,-0.0022019494467664068
50Ala 53Leu Hydrophobic,-0.0020924481545974757
50Ala 179Leu Hydrophobic,0.0018839751453617324
50Ala 171Leu Hydrophobic,0.001879583305501556
36Glu 154Thr Hbond,-0.0018434407139614859
149Pro 152Thr Hbond,-0.0017533897318064264
81Thr 105Thr Hbond,-0.0013478634772310068
122Ala 126Ser Hbond,0.0013026427369227233
165Leu 170Ala Hydrophobic,-0.0012301007863200636
123Phe 165Leu Hydrophobic,0.0010793176191842683
180Val 184Val Hydrophobic,-0.0010725089394348264
64Asp 90Thr Hbond,-0.0010484875054299315
110Leu 114Leu Hydrophobic,-0.0009413086973315456
156Ala 160Ala Hydrophobic,0.0007249811455738762
19Val 31Ala Hydrophobic,-0.0006923750055419823
133Arg 151Asp Saltbr,0.0005325547916412659
39Pro 216Asn Hbond,0.0003248714717441831
160Ala 163Arg Hbond,0.0002041921745217994
125Arg 131Val Hbond,0.0001340209439002215
20Ala 231Val Hydrophobic,-0.00011785934108228146
