Feature,Score
45Lys 102Ser Hbond,0.21987
45Lys 104Asn Hbond,0.11855
45Lys 103Asp Saltbr,0.11122
76Asp 104Asn Hbond,0.11084
77Tyr 104Asn Hbond,0.09359
102Ser 206Lys Hbond,0.08621
186Asn 205Asp Hbond,0.08555
188Thr 206Lys Hbond,0.07552
78Ser 103Asp Hbond,0.06819
191Lys 246Asp Saltbr,0.06724
186Asn 207Thr Hbond,0.06187
100Thr 206Lys Hbond,0.06038
193Leu 233Val Hydrophobic,0.05733
215Thr 246Asp Hbond,0.05699
100Thr 187Lys Hbond,0.05652
193Leu 231Val Hydrophobic,0.05439
209Thr 245Arg Hbond,0.05278
186Asn 206Lys Hbond,0.05215
192Arg 246Asp Saltbr,0.05129
195Ala 250Ala Hydrophobic,0.04941
217Ash 232Thr Hbond,0.04921
98Ala 206Lys Hbond,0.04715
100Thr 188Thr Hbond,0.04629
188Thr 192Arg Hbond,0.04434
78Ser 105Thr Hbond,0.04373
193Leu 252Val Hydrophobic,0.04289
97Ala 101Leu Hydrophobic,0.0408
186Asn 194Arg Hbond,0.03988
213Gly 245Arg Hbond,0.0388
155Pro 232Thr Hbond,0.0373
235Leu 249Ile Hydrophobic,0.03562
188Thr 207Thr Hbond,0.03416
20Ala 232Thr Hbond,0.034
240Val 245Arg Hbond,0.03308
209Thr 215Thr Hbond,0.03203
193Leu 203Val Hydrophobic,0.02617
162Leu 231Val Hydrophobic,0.02556
187Lys 190Asp Saltbr,0.02478
215Thr 245Arg Hbond,0.02476
138Glu 142Asn Hbond,0.02475
43Thr 234Tyr Hbond,0.02461
143Glu 212Hie Hbond,0.02392
183Leu 194Arg Hbond,0.02389
255Leu 259Ala Hydrophobic,0.02383
193Leu 221Ile Hydrophobic,0.02316
24Thr 163Arg Hbond,0.02289
221Ile 231Val Hydrophobic,0.02287
98Ala 102Ser Hbond,0.0228
23Asp 226Arg Saltbr,0.02267
44Phe 141Leu Hydrophobic,0.02232
238Ser 245Arg Hbond,0.02021
241Asp 245Arg Saltbr,0.01983
139Pro 142Asn Hbond,0.01972
99Ile 179Leu Hydrophobic,0.01967
192Arg 207Thr Hbond,0.01963
9Leu 13Ser Hbond,0.01957
44Phe 134Leu Hydrophobic,0.01925
208Gly 215Thr Hbond,0.0192
43Thr 216Asn Hbond,0.0184
21Val 259Ala Hydrophobic,0.01809
28Arg 260Phe Hbond,0.01805
78Ser 104Asn Hbond,0.01794
37Arg 131Val Hbond,0.0178
231Val 252Val Hydrophobic,0.01779
205Asp 217Ash Hbond,0.01774
211Gly 214Thr Hbond,0.01769
212Hie 237Glu Hbond,0.01763
198Pro 257Val Hydrophobic,0.01726
99Ile 206Lys Hbond,0.01725
196Gly 254Arg Hbond,0.01702
134Leu 141Leu Hydrophobic,0.0167
125Arg 130Glu Saltbr,0.01661
229Ile 259Ala Hydrophobic,0.01656
214Thr 245Arg Hbond,0.01655
21Val 260Phe Hydrophobic,0.01648
161Thr 164Thr Hbond,0.01641
177Gln 181Asp Hbond,0.0164
133Arg 151Asp Saltbr,0.01628
190Asp 194Arg Saltbr,0.01628
184Val 194Arg Hbond,0.01616
46Ala 218Ile Hydrophobic,0.01615
223Pro 260Phe Hydrophobic,0.01613
125Arg 132Thr Hbond,0.01611
187Lys 194Arg Hbond,0.01608
244Ala 247Ala Hydrophobic,0.01608
117Pro 121Thr Hbond,0.0158
22Leu 160Ala Hydrophobic,0.01573
47Leu 165Leu Hydrophobic,0.01555
136Arg 143Glu Saltbr,0.01551
207Thr 217Ash Hbond,0.0155
1Gln 4Glu Hbond,0.01548
192Arg 243Asp Saltbr,0.01548
163Arg 167Leu Hbond,0.01535
104Asn 138Glu Hbond,0.01518
192Arg 215Thr Hbond,0.01483
125Arg 131Val Hbond,0.01461
94Leu 97Ala Hydrophobic,0.01458
30Ile 260Phe Hydrophobic,0.01437
99Ile 183Leu Hydrophobic,0.01408
74Leu 85Val Hydrophobic,0.01388
108Asn 138Glu Hbond,0.01386
12Arg 251Glu Saltbr,0.01365
192Arg 208Gly Hbond,0.01365
226Arg 260Phe Hbond,0.01355
1Gln 258Glu Hbond,0.01346
240Val 244Ala Hydrophobic,0.01343
144Ala 212Hie Hbond,0.01322
75Val 78Ser Hbond,0.01319
46Ala 183Leu Hydrophobic,0.01319
96Glu 182Trp Hbond,0.01319
47Leu 124Leu Hydrophobic,0.01318
28Arg 259Ala Hbond,0.01313
10Glu 13Ser Hbond,0.01312
52Val 114Leu Hydrophobic,0.01269
129Asp 132Thr Hbond,0.01241
114Leu 120Leu Hydrophobic,0.0124
229Ile 260Phe Hydrophobic,0.01228
106Ala 110Leu Hydrophobic,0.01219
21Val 30Ile Hydrophobic,0.01209
244Ala 248Val Hydrophobic,0.0119
125Arg 129Asp Saltbr,0.01177
203Val 221Ile Hydrophobic,0.01162
20Ala 156Ala Hydrophobic,0.01161
17Leu 233Val Hydrophobic,0.01154
221Ile 229Ile Hydrophobic,0.01147
160Ala 163Arg Hbond,0.01132
50Ala 53Leu Hydrophobic,0.01129
5Gln 8Glu Hbond,0.01125
83Lys 87Asp Saltbr,0.01124
25Ala 227Ala Hydrophobic,0.01118
19Val 30Ile Hydrophobic,0.01117
156Ala 159Ala Hydrophobic,0.01112
6Leu 17Leu Hydrophobic,0.01102
98Ala 110Leu Hydrophobic,0.01102
19Val 155Pro Hydrophobic,0.01101
91Val 94Leu Hydrophobic,0.01094
136Arg 151Asp Saltbr,0.0109
9Leu 252Val Hydrophobic,0.01085
219Ala 230Val Hydrophobic,0.01085
111Leu 134Leu Hydrophobic,0.01082
2Leu 259Ala Hydrophobic,0.01053
8Glu 12Arg Saltbr,0.01042
44Phe 47Leu Hydrophobic,0.01029
46Ala 179Leu Hydrophobic,0.01027
19Val 252Val Hydrophobic,0.01021
68Thr 86Gly Hbond,0.0102
117Pro 134Leu Hydrophobic,0.01017
248Val 252Val Hydrophobic,0.01017
90Thr 93Glu Hbond,0.00995
48Leu 107Ala Hydrophobic,0.00985
218Ile 231Val Hydrophobic,0.00968
197Leu 256Val Hydrophobic,0.00958
10Glu 16Arg Saltbr,0.00945
63Leu 90Thr Hbond,0.00944
2Leu 256Val Hydrophobic,0.0094
203Val 220Val Hydrophobic,0.00938
2Leu 260Phe Hydrophobic,0.00927
173Pro 176Arg Hbond,0.00926
98Ala 106Ala Hydrophobic,0.0092
69Tyr 81Thr Hbond,0.00916
33Arg 36Glu Saltbr,0.00915
17Leu 248Val Hydrophobic,0.00915
242Ala 245Arg Hbond,0.00913
47Leu 50Ala Hydrophobic,0.00906
254Arg 258Glu Saltbr,0.00903
247Ala 250Ala Hydrophobic,0.00891
22Leu 230Val Hydrophobic,0.00887
45Lys 138Glu Saltbr,0.00886
193Leu 197Leu Hydrophobic,0.00886
165Leu 171Leu Hydrophobic,0.00881
193Leu 249Ile Hydrophobic,0.00873
66Arg 88Gly Hbond,0.00867
256Val 260Phe Hydrophobic,0.00863
94Leu 98Ala Hydrophobic,0.00842
105Thr 108Asn Hbond,0.00841
94Leu 109Leu Hydrophobic,0.0083
44Phe 120Leu Hydrophobic,0.00824
129Asp 161Thr Hbond,0.00823
162Leu 167Leu Hydrophobic,0.00818
57Asp 172Ser Hbond,0.0081
13Ser 238Ser Hbond,0.00802
207Thr 216Asn Hbond,0.00797
51Ala 123Phe Hydrophobic,0.00796
50Ala 54Ala Hydrophobic,0.0079
251Glu 254Arg Saltbr,0.00786
35Asp 154Thr Hbond,0.00784
157Ala 161Thr Hbond,0.00773
193Leu 219Ala Hydrophobic,0.00769
65Arg 90Thr Hbond,0.00767
50Ala 123Phe Hydrophobic,0.00765
24Thr 228Pro Hbond,0.00757
80Val 97Ala Hydrophobic,0.00754
53Leu 56Val Hydrophobic,0.00749
229Ile 256Val Hydrophobic,0.00748
16Arg 237Glu Saltbr,0.00747
98Ala 107Ala Hydrophobic,0.00741
3Ser 31Ala Hbond,0.00739
2Leu 255Leu Hydrophobic,0.00736
106Ala 109Leu Hydrophobic,0.00716
80Val 101Leu Hydrophobic,0.00714
50Ala 179Leu Hydrophobic,0.00676
143Glu 150Arg Saltbr,0.00673
174Ala 177Gln Hbond,0.00668
6Leu 255Leu Hydrophobic,0.00665
49Ala 179Leu Hydrophobic,0.00654
165Leu 170Ala Hydrophobic,0.0065
256Val 259Ala Hydrophobic,0.0065
156Ala 160Ala Hydrophobic,0.00646
118Ala 122Ala Hydrophobic,0.00644
167Leu 176Arg Hbond,0.00638
124Leu 127Ile Hydrophobic,0.00635
40Met 216Asn Hbond,0.0063
149Pro 152Thr Hbond,0.0062
30Ile 259Ala Hydrophobic,0.00619
75Val 139Pro Hydrophobic,0.00613
39Pro 216Asn Hbond,0.00604
162Leu 218Ile Hydrophobic,0.00595
20Ala 31Ala Hydrophobic,0.00592
216Asn 234Tyr Hbond,0.00586
212Hie 236Thr Hbond,0.00579
119Ala 123Phe Hydrophobic,0.0057
14Gly 238Ser Hbond,0.00565
37Arg 152Thr Hbond,0.00543
121Thr 134Leu Hbond,0.00532
155Pro 159Ala Hydrophobic,0.00529
20Ala 230Val Hydrophobic,0.00514
166Leu 220Val Hydrophobic,0.00513
23Asp 28Arg Saltbr,0.00512
193Leu 250Ala Hydrophobic,0.00492
162Leu 166Leu Hydrophobic,0.00484
108Asn 112Glu Hbond,0.00483
195Ala 254Arg Hbond,0.00483
6Leu 19Val Hydrophobic,0.00478
20Ala 159Ala Hydrophobic,0.00477
78Ser 81Thr Hbond,0.00469
120Leu 134Leu Hydrophobic,0.0046
1Gln 5Gln Hbond,0.00457
160Ala 164Thr Hbond,0.00457
119Ala 122Ala Hydrophobic,0.00448
123Phe 126Ser Hbond,0.00446
21Val 231Val Hydrophobic,0.00438
191Lys 243Asp Saltbr,0.00421
23Asp 163Arg Saltbr,0.00407
44Phe 48Leu Hydrophobic,0.00406
53Leu 175Ser Hbond,0.00401
184Val 203Val Hydrophobic,0.00399
20Ala 155Pro Hydrophobic,0.00389
44Phe 111Leu Hydrophobic,0.00374
162Leu 230Val Hydrophobic,0.00374
37Arg 149Pro Hbond,0.00369
179Leu 183Leu Hydrophobic,0.00357
27Gly 163Arg Hbond,0.00354
73Asp 105Thr Hbond,0.00351
194Arg 205Asp Saltbr,0.00348
39Pro 144Ala Hydrophobic,0.00345
197Leu 203Val Hydrophobic,0.00344
111Leu 114Leu Hydrophobic,0.0034
2Leu 5Gln Hbond,0.00337
19Val 233Val Hydrophobic,0.00336
104Asn 108Asn Hbond,0.00333
6Leu 252Val Hydrophobic,0.00327
9Leu 248Val Hydrophobic,0.00316
192Arg 209Thr Hbond,0.00275
233Val 252Val Hydrophobic,0.00271
110Leu 114Leu Hydrophobic,0.00258
53Leu 63Leu Hydrophobic,0.00257
48Leu 111Leu Hydrophobic,0.00252
40Met 43Thr Hbond,0.00226
39Pro 234Tyr Hbond,0.00217
111Leu 117Pro Hydrophobic,0.0021
172Ser 175Ser Hbond,0.00208
8Glu 11Lys Saltbr,0.00201
17Leu 235Leu Hydrophobic,0.00194
16Arg 236Thr Hbond,0.00179
22Leu 260Phe Hydrophobic,0.00173
52Val 56Val Hydrophobic,0.0017
166Leu 179Leu Hydrophobic,0.0017
120Leu 123Phe Hydrophobic,0.00158
50Ala 165Leu Hydrophobic,0.00153
197Leu 257Val Hydrophobic,0.00143
96Glu 100Thr Hbond,0.00138
223Pro 227Ala Hydrophobic,0.00132
13Ser 239Gln Hbond,0.00128
91Val 110Leu Hydrophobic,0.00125
123Phe 127Ile Hydrophobic,0.00121
79Pro 101Leu Hydrophobic,0.00099
53Leu 179Leu Hydrophobic,0.00067
94Leu 106Ala Hydrophobic,0.00065
169Asp 176Arg Saltbr,0.00056
166Leu 183Leu Hydrophobic,0.00044
61Glu 65Arg Saltbr,0.0004
22Leu 228Pro Hydrophobic,0.00037
22Leu 229Ile Hydrophobic,0.00035
249Ile 252Val Hydrophobic,0.00027
121Thr 125Arg Hbond,0.00022
127Ile 164Thr Hbond,0.00021
220Val 228Pro Hydrophobic,0.00015
220Val 230Val Hydrophobic,0.00011
46Ala 50Ala Hydrophobic,0.0001
67Ile 94Leu Hydrophobic,5e-05
223Pro 229Ile Hydrophobic,3e-05
79Pro 83Lys Hbond,2e-05
2Leu 6Leu Hydrophobic,0.0
6Leu 9Leu Hydrophobic,0.0
2Leu 21Val Hydrophobic,0.0
2Leu 30Ile Hydrophobic,0.0
7Ala 11Lys Hbond,0.0
9Leu 17Leu Hydrophobic,0.0
10Glu 32Tyr Hbond,0.0
10Glu 33Arg Saltbr,0.0
1Gln 259Ala Hbond,0.0
16Arg 36Glu Saltbr,0.0
16Arg 37Arg Hbond,0.0
17Leu 38Phe Hydrophobic,0.0
19Val 31Ala Hydrophobic,0.0
20Ala 30Ile Hydrophobic,0.0
23Asp 26Thr Hbond,0.0
46Ala 49Ala Hydrophobic,0.0
46Ala 99Ile Hydrophobic,0.0
47Leu 51Ala Hydrophobic,0.0
48Leu 51Ala Hydrophobic,0.0
48Leu 52Val Hydrophobic,0.0
49Ala 52Val Hydrophobic,0.0
49Ala 53Leu Hydrophobic,0.0
49Ala 99Ile Hydrophobic,0.0
51Ala 54Ala Hydrophobic,0.0
51Ala 55Arg Hbond,0.0
52Val 91Val Hydrophobic,0.0
54Ala 58Gln Hbond,0.0
55Arg 58Gln Hbond,0.0
55Arg 60Lys Hbond,0.0
55Arg 61Glu Saltbr,0.0
56Val 62Arg Hbond,0.0
56Val 63Leu Hydrophobic,0.0
63Leu 91Val Hydrophobic,0.0
63Leu 92Ala Hydrophobic,0.0
64Asp 90Thr Hbond,0.0
66Arg 87Asp Saltbr,0.0
66Arg 90Thr Hbond,0.0
67Ile 91Val Hydrophobic,0.0
68Thr 87Asp Hbond,0.0
69Tyr 84Hie Hbond,0.0
9Leu 255Leu Hydrophobic,0.0
14Gly 239Gln Hbond,0.0
20Ala 231Val Hydrophobic,0.0
21Val 229Ile Hydrophobic,0.0
21Val 230Val Hydrophobic,0.0
21Val 256Val Hydrophobic,0.0
22Leu 159Ala Hydrophobic,0.0
25Ala 228Pro Hydrophobic,0.0
29Arg 156Ala Hbond,0.0
31Ala 156Ala Hydrophobic,0.0
34Gly 154Thr Hbond,0.0
36Glu 154Thr Hbond,0.0
38Phe 155Pro Hydrophobic,0.0
38Phe 235Leu Hydrophobic,0.0
44Phe 107Ala Hydrophobic,0.0
47Leu 120Leu Hydrophobic,0.0
47Leu 123Phe Hydrophobic,0.0
48Leu 110Leu Hydrophobic,0.0
48Leu 114Leu Hydrophobic,0.0
48Leu 120Leu Hydrophobic,0.0
50Ala 171Leu Hydrophobic,0.0
51Ala 114Leu Hydrophobic,0.0
51Ala 120Leu Hydrophobic,0.0
52Val 110Leu Hydrophobic,0.0
53Leu 171Leu Hydrophobic,0.0
54Ala 123Phe Hydrophobic,0.0
54Ala 170Ala Hydrophobic,0.0
54Ala 171Leu Hydrophobic,0.0
55Arg 113Ala Hbond,0.0
55Arg 114Leu Hbond,0.0
57Asp 175Ser Hbond,0.0
67Ile 109Leu Hydrophobic,0.0
81Thr 103Asp Hbond,0.0
81Thr 105Thr Hbond,0.0
94Leu 110Leu Hydrophobic,0.0
97Ala 106Ala Hydrophobic,0.0
107Ala 110Leu Hydrophobic,0.0
107Ala 111Leu Hydrophobic,0.0
109Leu 113Ala Hydrophobic,0.0
110Leu 113Ala Hydrophobic,0.0
111Leu 120Leu Hydrophobic,0.0
114Leu 119Ala Hydrophobic,0.0
117Pro 120Leu Hydrophobic,0.0
118Ala 134Leu Hydrophobic,0.0
120Leu 124Leu Hydrophobic,0.0
122Ala 126Ser Hbond,0.0
123Phe 165Leu Hydrophobic,0.0
125Arg 128Gly Hbond,0.0
127Ile 165Leu Hydrophobic,0.0
127Ile 170Ala Hydrophobic,0.0
131Val 157Ala Hydrophobic,0.0
132Thr 153Thr Hbond,0.0
135Asp 150Arg Saltbr,0.0
136Arg 140Glu Saltbr,0.0
136Arg 148Asp Saltbr,0.0
153Thr 234Tyr Hbond,0.0
157Ala 160Ala Hydrophobic,0.0
159Ala 162Leu Hydrophobic,0.0
159Ala 230Val Hydrophobic,0.0
162Leu 165Leu Hydrophobic,0.0
162Leu 219Ala Hydrophobic,0.0
165Leu 176Arg Hbond,0.0
165Leu 179Leu Hydrophobic,0.0
166Leu 176Arg Hbond,0.0
166Leu 180Val Hydrophobic,0.0
167Leu 220Val Hydrophobic,0.0
167Leu 228Pro Hydrophobic,0.0
167Leu 230Val Hydrophobic,0.0
168Gly 176Arg Hbond,0.0
171Leu 176Arg Hbond,0.0
171Leu 179Leu Hydrophobic,0.0
173Pro 177Gln Hbond,0.0
174Ala 178Gln Hbond,0.0
175Ser 178Gln Hbond,0.0
178Gln 181Asp Hbond,0.0
180Val 183Leu Hydrophobic,0.0
180Val 184Val Hydrophobic,0.0
183Leu 186Asn Hbond,0.0
194Arg 203Val Hbond,0.0
197Leu 221Ile Hydrophobic,0.0
199Ala 202Arg Hbond,0.0
209Thr 214Thr Hbond,0.0
213Gly 238Ser Hbond,0.0
214Thr 236Thr Hbond,0.0
219Ala 229Ile Hydrophobic,0.0
219Ala 231Val Hydrophobic,0.0
220Val 229Ile Hydrophobic,0.0
221Ile 228Pro Hydrophobic,0.0
221Ile 256Val Hydrophobic,0.0
223Pro 228Pro Hydrophobic,0.0
231Val 256Val Hydrophobic,0.0
233Val 249Ile Hydrophobic,0.0
235Leu 248Val Hydrophobic,0.0
250Ala 254Arg Hbond,0.0
252Val 255Leu Hydrophobic,0.0
252Val 256Val Hydrophobic,0.0
255Leu 260Phe Hydrophobic,0.0
257Val 260Phe Hydrophobic,0.0
