Feature,Score
43Met 46Thr Hbond,-0.42867707341683026
189Asp 197Arg Saltbr,-0.42006161470033976
48Lys 106Asp Saltbr,0.41474521185077506
102Ile 209Lys Hbond,-0.3792634614314379
48Lys 141Glu Saltbr,0.3783847147946703
40Arg 135Thr Hbond,0.3691458129538539
188Ala 209Lys Hbond,-0.353798079200597
186Met 197Arg Hbond,-0.34746955552226744
141Glu 145Asn Hbond,-0.34167717570449546
99Ser 103Thr Hbond,0.3400264953341593
196Leu 260Ile Hydrophobic,0.3190695310799735
112Leu 116Thr Hbond,-0.3149353820293499
103Thr 185Trp Hbond,-0.2791994170456228
199Ala 253Ala Hydrophobic,-0.2701499028497674
40Arg 156Thr Hbond,0.26996148674195153
58Arg 116Thr Hbond,0.26742688263606346
107Asn 111Asn Hbond,0.2620869632174396
48Lys 105Ser Hbond,-0.2608440506819381
113Leu 117Ile Hydrophobic,-0.2567815273190239
188Ala 197Arg Hbond,-0.25059681596235106
50Leu 123Leu Hydrophobic,-0.24639534071696914
196Leu 252Ile Hydrophobic,-0.24478632925965374
103Thr 188Ala Hbond,-0.24460281224681715
168Leu 179Arg Hbond,0.2430336774581034
103Thr 190Lys Hbond,-0.24180068357191414
47Phe 114Leu Hydrophobic,-0.2396668653857174
186Met 209Lys Hbond,-0.23814145951675053
47Phe 51Leu Hydrophobic,-0.2323633476145127
197Arg 208Asp Saltbr,-0.2321065300567626
50Leu 165Leu Hydrophobic,0.23125972905240205
42Pro 147Ala Hydrophobic,-0.23087155887186298
195Leu 198Ser Hbond,-0.22731527688503603
190Lys 197Arg Hbond,0.22610549042608707
194Pro 249Asn Hbond,-0.22583302067082245
51Leu 113Leu Hydrophobic,-0.22407407872363103
47Phe 110Ala Hydrophobic,-0.22288452332012182
114Leu 123Leu Hydrophobic,0.22056644620130975
101Ala 109Ala Hydrophobic,-0.21886941334922266
114Leu 137Leu Hydrophobic,-0.2155534911184951
192Ala 220Ile Hydrophobic,0.2155101587131287
47Phe 137Leu Hydrophobic,-0.21233709355687455
196Leu 220Ile Hydrophobic,-0.21045971606415861
54Ala 126Phe Hydrophobic,-0.2072019240360467
198Ser 253Ala Hbond,-0.20638763650868477
199Ala 257Ala Hydrophobic,-0.2062828134856139
156Thr 237Tyr Hbond,-0.20370107536257212
195Leu 199Ala Hydrophobic,-0.20254871309853634
127Leu 137Leu Hydrophobic,0.20050709553237903
146Glu 215Arg Saltbr,-0.1993629901687015
51Leu 123Leu Hydrophobic,-0.19889239913985152
211Gly 218Arg Hbond,-0.1981641958965476
134Val 160Ala Hydrophobic,-0.1974204888475391
12Glu 18Arg Saltbr,0.19493000854795764
191Val 210Ser Hbond,-0.1945057447081722
145Asn 214Glh Hbond,-0.19293942770592637
102Ile 182Leu Hydrophobic,-0.1923729522625514
207Ala 221Ile Hydrophobic,0.19045250501778316
18Arg 40Arg Hbond,-0.18943608618353752
102Ile 105Ser Hbond,-0.186291281084803
145Asn 212Ala Hbond,-0.18610147693887477
126Phe 173Leu Hydrophobic,-0.18533918690551174
81Ser 108Thr Hbond,0.1852689068695004
139Arg 146Glu Saltbr,0.1835668000828238
18Arg 239Thr Hbond,-0.1827626662861785
101Ala 113Leu Hydrophobic,-0.17725743450509565
27Asn 231Ser Hbond,0.17664148520555498
19Val 41Phe Hydrophobic,-0.17571603345289508
196Leu 236Ile Hydrophobic,-0.17527885437422777
49Val 168Leu Hydrophobic,-0.17518386106762096
50Leu 126Phe Hydrophobic,-0.1736392623801732
37Pro 158Pro Hydrophobic,0.1720386243331987
103Thr 189Asp Hbond,-0.16931521196589328
26Leu 170Thr Hbond,0.16841688839261862
123Leu 137Leu Hydrophobic,0.16768213021673406
147Ala 214Glh Hbond,0.16333564123889868
168Leu 174Leu Hydrophobic,0.15974373672343262
22Ile 159Ala Hydrophobic,-0.15904665249915775
139Arg 154Asp Saltbr,-0.15659478786827766
192Ala 196Leu Hydrophobic,0.15560755154426306
49Val 221Ile Hydrophobic,-0.15441545830093242
205Phe 223Ala Hydrophobic,0.15303280569677835
152Glu 155Thr Hbond,-0.15283632487534965
64Glu 68Arg Saltbr,0.15100064735869642
50Leu 127Leu Hydrophobic,-0.15045288898848347
195Leu 252Ile Hydrophobic,-0.1475894437894583
224Leu 234Val Hydrophobic,-0.1465872844185736
124Thr 137Leu Hbond,0.1455911318483632
19Val 36Arg Hbond,-0.1447382988333686
201Pro 260Ile Hydrophobic,-0.14442573090607164
137Leu 144Leu Hydrophobic,-0.14398821468990788
12Glu 36Arg Saltbr,0.14323430686751223
210Ser 218Arg Hbond,0.1425099277859231
174Leu 182Leu Hydrophobic,-0.14148071792450442
55Val 117Ile Hydrophobic,-0.14139527300185906
250Arg 254Glu Saltbr,-0.13969232417667654
24Leu 162Ala Hydrophobic,-0.1391172469607428
18Arg 39Glu Saltbr,-0.13677686588900193
165Leu 221Ile Hydrophobic,0.13664319591751936
144Leu 147Ala Hydrophobic,0.13476909511132998
58Arg 117Ile Hbond,-0.13435943779611123
215Arg 241Ser Hbond,0.13388870010365542
216Gly 241Ser Hbond,-0.13373802527432324
224Leu 260Ile Hydrophobic,0.13367256756381554
23Glu 232Arg Saltbr,-0.13235308239538804
207Ala 223Ala Hydrophobic,-0.13213768337760926
196Leu 224Leu Hydrophobic,0.13190421102483166
214Glh 217Ser Hbond,0.1310814572722868
215Arg 239Thr Hbond,0.13046711967988714
78Val 81Ser Hbond,0.12952310630416042
46Thr 237Tyr Hbond,-0.12910185650202308
55Val 113Leu Hydrophobic,0.12850720171792843
36Arg 39Glu Saltbr,-0.12712555762075833
60Asp 178Ser Hbond,-0.12652917586370765
234Val 259Leu Hydrophobic,0.12603344867319377
197Arg 206Ile Hbond,0.12597278906699014
55Val 66Leu Hydrophobic,-0.12539043685379092
24Leu 233Ile Hydrophobic,-0.12436396350786216
15Leu 242Gln Hbond,-0.12399744512999368
196Leu 253Ala Hydrophobic,-0.1238529227906502
187Glu 190Lys Saltbr,0.12371503813021834
58Arg 122Glu Saltbr,-0.1234788992868568
54Ala 58Arg Hbond,0.12318200515559212
223Ala 230Pro Hydrophobic,-0.12058053821836648
40Arg 151Asp Saltbr,0.12035802992931609
200Leu 260Ile Hydrophobic,0.11863073753917937
236Ile 255Ile Hydrophobic,0.11604603129036171
97Leu 101Ala Hydrophobic,-0.11576003072566952
183Ile 207Ala Hydrophobic,-0.11528265766943194
165Leu 235Val Hydrophobic,0.11516348766034401
100Ala 109Ala Hydrophobic,-0.11510577149090943
101Ala 110Ala Hydrophobic,-0.11387319656682643
207Ala 222Ala Hydrophobic,0.11325217020131438
19Val 236Ile Hydrophobic,0.11315860888173446
18Arg 238Thr Hbond,0.11315784028441203
126Phe 168Leu Hydrophobic,-0.11211479539308186
168Leu 182Leu Hydrophobic,-0.11188558944312012
123Leu 126Phe Hydrophobic,0.11009511336034697
51Leu 110Ala Hydrophobic,0.10920564575158168
183Ile 205Phe Hydrophobic,0.10879206941096768
221Ile 234Val Hydrophobic,0.10694617055056188
132Asp 135Thr Hbond,0.10684922409480865
51Leu 114Leu Hydrophobic,-0.10669346942272548
218Arg 245Met Hbond,-0.10655156090326277
54Ala 123Leu Hydrophobic,0.10613739376303227
110Ala 114Leu Hydrophobic,-0.10592770940932568
48Lys 107Asn Hbond,0.10482876603674252
218Arg 248Arg Hbond,0.10241808719437223
135Thr 155Thr Hbond,0.10205657584176914
84Thr 106Asp Hbond,-0.10130767403383227
199Ala 260Ile Hydrophobic,0.10123083233157569
56Leu 182Leu Hydrophobic,0.10035969276400758
151Asp 155Thr Hbond,0.10013194815330627
37Pro 159Ala Hydrophobic,0.10005015464634393
139Arg 151Asp Saltbr,-0.0994295940872136
46Thr 210Ser Hbond,-0.09733928916890498
169Leu 183Ile Hydrophobic,-0.09641473603637579
216Gly 248Arg Hbond,0.09578716384383164
194Pro 198Ser Hbond,0.09573249751703648
26Leu 233Ile Hydrophobic,0.09541749734739195
215Arg 240Gly Hbond,0.09417961500165117
224Leu 230Pro Hydrophobic,-0.09382653954673517
9Lys 13Asp Saltbr,-0.09350387996971803
172Glu 179Arg Saltbr,-0.09339229516401935
162Ala 233Ile Hydrophobic,-0.09328268080096887
42Pro 237Tyr Hbond,-0.09259176985316664
147Ala 215Arg Hbond,-0.09162270882903456
169Leu 179Arg Hbond,0.09094321512308037
258Ser 262Hie Hbond,0.08933520393051401
22Ile 158Pro Hydrophobic,-0.08924451207703425
132Asp 164Thr Hbond,-0.0880395637009641
109Ala 112Leu Hydrophobic,-0.08779095651643319
222Ala 233Ile Hydrophobic,-0.08732073354178574
245Met 249Asn Hbond,-0.08710778858960541
195Leu 253Ala Hydrophobic,0.08692538288239197
169Leu 223Ala Hydrophobic,0.08620750237910041
163Thr 167Lys Hbond,0.08610358707349929
175Thr 178Ser Hbond,-0.08556010729715986
47Phe 123Leu Hydrophobic,-0.0848104927084835
238Thr 241Ser Hbond,-0.0846256851284668
175Thr 179Arg Hbond,-0.08444347460051356
194Pro 253Ala Hydrophobic,-0.08413102960507539
54Ala 117Ile Hydrophobic,-0.08333642218173339
51Leu 117Ile Hydrophobic,-0.08284552193932437
8Val 255Ile Hydrophobic,0.08269629490825449
217Ser 239Thr Hbond,0.08247453726767527
15Leu 19Val Hydrophobic,0.08244457326015077
120Pro 124Thr Hbond,0.08044827508510947
41Phe 158Pro Hydrophobic,0.08025654973952878
196Leu 222Ala Hydrophobic,0.07965313537404879
15Leu 243Ala Hydrophobic,-0.07961853506268299
66Leu 94Val Hydrophobic,-0.07941063338483056
11Ala 255Ile Hydrophobic,-0.07920457420377126
54Ala 57Ser Hbond,0.07909540698562931
16Gly 242Gln Hbond,-0.07900144375538737
246Asp 250Arg Saltbr,0.07658537221818103
218Arg 238Thr Hbond,-0.07650722575677918
79Glu 107Asn Hbond,0.0763261239411331
15Leu 241Ser Hbond,0.07611249993960471
78Val 142Pro Hydrophobic,-0.07519190623464514
251Gln 254Glu Hbond,-0.0751670243974253
22Ile 234Val Hydrophobic,-0.07502969101604487
1Hie 4Thr Hbond,0.0743844115099377
206Ile 222Ala Hydrophobic,-0.0739477726350998
128Hie 135Thr Hbond,0.07384970954861816
68Arg 116Thr Hbond,-0.07318914807179687
241Ser 248Arg Hbond,-0.07281575822308307
174Leu 179Arg Hbond,0.07098226547274024
7Lys 251Gln Hbond,-0.07075345468735282
58Arg 63Gln Hbond,0.07041483034567862
7Lys 10Asp Saltbr,-0.06967427631614515
40Arg 134Val Hbond,-0.0696490033978551
218Arg 249Asn Hbond,0.06959670535142545
99Ser 185Trp Hbond,-0.06913879742883129
205Phe 230Pro Hydrophobic,0.06859883427139107
206Ile 223Ala Hydrophobic,0.06806040188870222
221Ile 235Val Hydrophobic,-0.06713842256667722
130Met 167Lys Hbond,0.06693179683040354
171Gly 179Arg Hbond,-0.06684111126902001
80Tyr 107Asn Hbond,-0.06655676841855114
167Lys 172Glu Saltbr,-0.06605839971160868
196Leu 234Val Hydrophobic,-0.06590292108592995
112Leu 115Thr Hbond,-0.06567709745838986
11Ala 19Val Hydrophobic,0.06566839280524021
71Hie 88Leu Hbond,0.06501662543401025
22Ile 233Ile Hydrophobic,0.06439216743843351
97Leu 112Leu Hydrophobic,-0.06385142949293937
97Leu 109Ala Hydrophobic,0.06359997196890464
9Lys 12Glu Saltbr,-0.06356269260178896
210Ser 219Gly Hbond,0.06333168410904431
81Ser 106Asp Hbond,-0.06295635522906483
133Hie 136Arg Hbond,-0.06243209639686822
29Gly 166Arg Hbond,0.06239817276766436
192Ala 195Leu Hydrophobic,0.06238886893725739
223Ala 233Ile Hydrophobic,0.06211003525407092
148Ile 215Arg Hbond,-0.06173320619039723
40Arg 152Glu Saltbr,0.06144117891881966
146Glu 214Glh Hbond,0.061193701574355115
121Lys 137Leu Hbond,0.06025117405967317
181Gln 184Asp Hbond,0.05989492611115806
123Leu 127Leu Hydrophobic,0.05890881005980334
169Leu 233Ile Hydrophobic,0.058599896028230763
3Glu 7Lys Saltbr,0.05834033615337626
94Val 97Leu Hydrophobic,-0.057813835401648306
180Gln 184Asp Hbond,-0.05770654794992315
172Glu 175Thr Hbond,-0.05765436855972955
71Hie 90Asp Hbond,0.05735853890256528
4Thr 258Ser Hbond,0.05733857832693768
200Leu 205Phe Hydrophobic,-0.05642801189250568
139Arg 153Arg Hbond,-0.05633475959929608
165Leu 222Ala Hydrophobic,-0.05603817099638107
159Ala 163Thr Hbond,0.05579100779078022
47Phe 50Leu Hydrophobic,-0.05486548079078478
121Lys 124Thr Hbond,0.05458614923429936
7Lys 258Ser Hbond,0.05445489574256087
51Leu 54Ala Hydrophobic,-0.05432980583657708
66Leu 93Thr Hbond,0.05432886989119008
95Arg 185Trp Hbond,0.05416517794006299
220Ile 252Ile Hydrophobic,0.05345938218827744
117Ile 123Leu Hydrophobic,0.053422703598238856
21Tyr 33Glu Hbond,0.05298856475394107
162Ala 165Leu Hydrophobic,0.05279821180364013
200Leu 224Leu Hydrophobic,0.0526848778291806
97Leu 100Ala Hydrophobic,-0.05189683653034183
136Arg 154Asp Saltbr,0.05152017960817251
205Phe 224Leu Hydrophobic,0.05140452749216167
97Leu 113Leu Hydrophobic,0.051340349901631284
71Hie 89Thr Hbond,0.05077033666589396
257Ala 261Lys Hbond,0.05060057902921322
5Leu 9Lys Hbond,0.05058714339350347
94Val 113Leu Hydrophobic,0.0499486854406739
226Pro 229Lys Hbond,0.04994247721171079
27Asn 166Arg Hbond,-0.04985075984036151
136Arg 152Glu Saltbr,-0.04904759772592316
196Leu 200Leu Hydrophobic,0.04895028967494
25Asp 232Arg Saltbr,0.048793325109830796
24Leu 31Ile Hydrophobic,-0.04765668412163805
26Leu 166Arg Hbond,0.04751118191133696
49Val 165Leu Hydrophobic,-0.04742805582209054
83Val 100Ala Hydrophobic,0.04667610856896116
244Thr 248Arg Hbond,-0.04642857456828862
26Leu 230Pro Hydrophobic,0.04640719170464025
244Thr 247Glu Hbond,0.04544927661982302
56Leu 174Leu Hydrophobic,0.045026974492287514
3Glu 258Ser Hbond,0.04478058249602389
255Ile 259Leu Hydrophobic,-0.04438752954266997
95Arg 181Gln Hbond,0.04388370767937653
51Leu 55Val Hydrophobic,0.043597032274416164
80Tyr 104Met Hbond,-0.04356145784918701
57Ser 173Leu Hbond,0.04353758550570359
69Arg 90Asp Saltbr,0.04292170818760244
83Val 87Hid Hbond,-0.04282405472801777
77Leu 88Leu Hydrophobic,0.042479440324739985
165Leu 169Leu Hydrophobic,-0.04187170711383605
120Pro 137Leu Hydrophobic,0.04181843923001694
23Glu 30Lys Saltbr,0.041034518407635466
134Val 156Thr Hbond,-0.04056104859894153
21Tyr 34Ser Hbond,0.0404712576643238
96Glu 99Ser Hbond,-0.04033641254022262
247Glu 251Gln Hbond,0.040187631882938404
14Gln 250Arg Hbond,-0.03975441127049087
132Asp 167Lys Saltbr,-0.039402113566236345
114Leu 117Ile Hydrophobic,0.039132975878879046
105Ser 209Lys Hbond,-0.03902796908252702
5Leu 8Val Hydrophobic,0.03896009995585371
26Leu 169Leu Hydrophobic,0.0386714194808404
120Pro 123Leu Hydrophobic,-0.03775013712952139
4Thr 23Glu Hbond,0.03759072291708037
8Val 11Ala Hydrophobic,-0.03672331292510232
50Leu 168Leu Hydrophobic,-0.036317780297956764
43Met 237Tyr Hbond,0.03605572224719518
8Val 19Val Hydrophobic,0.03561035555996616
206Ile 224Leu Hydrophobic,-0.0354847550062378
22Ile 162Ala Hydrophobic,-0.03530780598310175
138Asp 153Arg Saltbr,-0.034989799749368514
4Thr 262Hie Hbond,-0.0349826602106131
118Gly 121Lys Hbond,-0.03461405906987632
49Val 102Ile Hydrophobic,-0.03417500964482884
177Ala 181Gln Hbond,-0.03414800584271054
243Ala 248Arg Hbond,-0.032267302213089745
50Leu 54Ala Hydrophobic,0.03226339728901587
220Ile 236Ile Hydrophobic,0.03207143059490188
196Leu 206Ile Hydrophobic,-0.03174196657154096
72Tyr 84Thr Hbond,0.03121570368366461
134Val 155Thr Hbond,-0.030816553435909264
49Val 182Leu Hydrophobic,0.030267106898572045
5Leu 35Phe Hydrophobic,-0.02963409181970164
139Arg 143Glu Saltbr,-0.02918640607304185
150Asn 215Arg Hbond,0.029020501683854845
70Ile 94Val Hydrophobic,-0.028560238437177077
195Leu 220Ile Hydrophobic,0.02851373624941433
131Gly 167Lys Hbond,-0.028198047266202335
19Val 35Phe Hydrophobic,0.028099015699534536
158Pro 162Ala Hydrophobic,0.027213280050000812
220Ile 234Val Hydrophobic,0.02708740579256746
165Leu 233Ile Hydrophobic,0.026786274062959876
257Ala 260Ile Hydrophobic,0.02619722182181871
70Ile 112Leu Hydrophobic,-0.02505054253266552
140Trp 143Glu Hbond,0.02493896175699038
59Val 66Leu Hydrophobic,-0.024811333959273298
4Thr 21Tyr Hbond,0.02462839444227849
191Val 194Pro Hydrophobic,-0.02457903746604528
14Gln 251Gln Hbond,0.024571400384279008
110Ala 113Leu Hydrophobic,0.024506370369462935
82Pro 86Lys Hbond,0.023666988142374595
73Ser 76Asp Hbond,0.023452079299262695
254Glu 258Ser Hbond,0.02324630226082134
128Hie 133Hie Hbond,0.022337200490092794
193Gly 198Ser Hbond,-0.021710085094149473
109Ala 113Leu Hydrophobic,-0.02143074518144186
25Asp 28Ser Hbond,-0.02108643125927023
165Leu 168Leu Hydrophobic,-0.021049078690967626
25Asp 30Lys Saltbr,0.020913825652548124
86Lys 90Asp Saltbr,-0.020578671069499753
47Phe 144Leu Hydrophobic,0.020382764204915176
163Thr 166Arg Hbond,-0.02013276613307371
22Ile 37Pro Hydrophobic,-0.020019895081223888
25Asp 166Arg Saltbr,-0.019789011173669862
24Leu 32Leu Hydrophobic,-0.01941933234360536
95Arg 99Ser Hbond,0.019353623042731378
252Ile 255Ile Hydrophobic,-0.01848076732210795
111Asn 115Thr Hbond,-0.018140168238979768
93Thr 96Glu Hbond,0.017805333021135045
178Ser 181Gln Hbond,0.017728151190896137
135Thr 156Thr Hbond,-0.01769442608622872
113Leu 116Thr Hbond,0.017675781509692262
65Gln 68Arg Hbond,0.017639960510433615
53Gly 57Ser Hbond,-0.017498566399388567
170Thr 179Arg Hbond,0.016885173913104783
111Asn 141Glu Hbond,-0.016781707762281002
177Ala 180Gln Hbond,0.016684467746318998
160Ala 164Thr Hbond,-0.016515888971318636
114Leu 120Pro Hydrophobic,0.016420640327976556
2Pro 5Leu Hydrophobic,-0.01588220739188926
166Arg 170Thr Hbond,-0.015667121609984288
3Glu 262Hie Hbond,0.015520231748071408
189Asp 209Lys Saltbr,0.015502869016157775
22Ile 235Val Hydrophobic,-0.015344435427144797
74Gln 88Leu Hbond,0.01479436184567945
258Ser 261Lys Hbond,-0.014507189419744427
40Arg 155Thr Hbond,0.014212130356923706
62Gly 65Gln Hbond,0.013997124587514675
66Leu 95Arg Hbond,-0.013712191697962202
10Asp 251Gln Hbond,0.01352583689706894
200Leu 206Ile Hydrophobic,0.012883061078423717
253Ala 257Ala Hydrophobic,0.012678464256604634
56Leu 178Ser Hbond,-0.011715561074285693
121Lys 138Asp Saltbr,-0.01166954452932275
70Ile 97Leu Hydrophobic,-0.011649091148255252
217Ser 248Arg Hbond,0.011386433051081146
187Glu 197Arg Saltbr,-0.011244895045660893
40Arg 150Asn Hbond,-0.01116100951886285
176Leu 180Gln Hbond,-0.011107234181452702
158Pro 235Val Hydrophobic,-0.010940265446231435
255Ile 258Ser Hbond,0.010536938467646778
220Ile 235Val Hydrophobic,-0.010111250446596802
55Val 94Val Hydrophobic,0.009737704964716456
160Ala 163Thr Hbond,0.009563734463594611
168Leu 173Leu Hydrophobic,0.00942688651095742
87Hid 90Asp Hbond,-0.008948241780038215
125Ala 129Asn Hbond,-0.008782864583657983
236Ile 252Ile Hydrophobic,-0.008638357012455128
8Val 35Phe Hydrophobic,-0.008565676750159658
56Leu 59Val Hydrophobic,0.008539750832238666
11Ala 15Leu Hydrophobic,0.008208850532967531
162Ala 235Val Hydrophobic,0.008116177060265324
196Leu 199Ala Hydrophobic,0.008053118095996412
64Glu 116Thr Hbond,-0.00774055698388754
142Pro 145Asn Hbond,0.006475000225794238
232Arg 263Trp Hbond,0.006462609026795328
130Met 164Thr Hbond,0.00634132046736694
87Hid 91Gly Hbond,-0.0059086484379285735
14Gln 247Glu Hbond,-0.005895825037189493
159Ala 162Ala Hydrophobic,-0.005882136711092723
2Pro 6Val Hydrophobic,0.005086544918582714
224Leu 259Leu Hydrophobic,0.0050438330802175975
169Leu 182Leu Hydrophobic,-0.004691485690083306
56Leu 66Leu Hydrophobic,0.004639962398991446
10Asp 14Gln Hbond,-0.004406248307714455
58Arg 64Glu Saltbr,0.004390218508435237
68Arg 93Thr Hbond,-0.004330056301001581
69Arg 93Thr Hbond,-0.003195156588543052
126Phe 129Asn Hbond,-0.0031603942634452474
55Val 59Val Hydrophobic,0.003141898199662223
69Arg 91Gly Hbond,0.0024820104991852424
246Asp 249Asn Hbond,-0.0024550607691620073
72Tyr 87Hid Hbond,-0.002180876587337766
22Ile 31Ile Hydrophobic,-0.0020006541008066162
60Asp 175Thr Hbond,0.0018803294641133968
7Lys 254Glu Saltbr,0.0013829070966245962
247Glu 250Arg Saltbr,-0.0010051760949102261
83Val 86Lys Hbond,0.000997000123566461
222Ala 234Val Hydrophobic,-0.0007786804607409129
