Feature,Score
188Ala 197Arg Hbond,0.28914
48Lys 105Ser Hbond,0.24431
105Ser 209Lys Hbond,0.23303
145Asn 212Ala Hbond,0.21498
147Ala 214Glh Hbond,0.20717
189Asp 197Arg Saltbr,0.1871
48Lys 141Glu Saltbr,0.18104
186Met 197Arg Hbond,0.17256
114Leu 137Leu Hydrophobic,0.16759
139Arg 146Glu Saltbr,0.15719
139Arg 151Asp Saltbr,0.15599
139Arg 153Arg Hbond,0.15558
188Ala 209Lys Hbond,0.1529
146Glu 215Arg Saltbr,0.14802
199Ala 253Ala Hydrophobic,0.14495
48Lys 106Asp Saltbr,0.14391
196Leu 253Ala Hydrophobic,0.13836
103Thr 190Lys Hbond,0.13715
191Val 210Ser Hbond,0.13414
187Glu 197Arg Saltbr,0.13332
141Glu 145Asn Hbond,0.13304
134Val 160Ala Hydrophobic,0.12995
137Leu 144Leu Hydrophobic,0.12653
102Ile 209Lys Hbond,0.12247
43Met 46Thr Hbond,0.12217
134Val 155Thr Hbond,0.11153
189Asp 209Lys Saltbr,0.11093
192Ala 196Leu Hydrophobic,0.11067
194Pro 249Asn Hbond,0.10782
196Leu 252Ile Hydrophobic,0.10774
47Phe 114Leu Hydrophobic,0.10473
135Thr 156Thr Hbond,0.10384
47Phe 123Leu Hydrophobic,0.10283
48Lys 107Asn Hbond,0.10101
40Arg 155Thr Hbond,0.10011
50Leu 123Leu Hydrophobic,0.09861
145Asn 214Glh Hbond,0.09276
198Ser 253Ala Hbond,0.09249
40Arg 135Thr Hbond,0.09003
195Leu 198Ser Hbond,0.08624
127Leu 137Leu Hydrophobic,0.08615
195Leu 199Ala Hydrophobic,0.08606
196Leu 260Ile Hydrophobic,0.08569
196Leu 236Ile Hydrophobic,0.08437
186Met 209Lys Hbond,0.08381
103Thr 185Trp Hbond,0.08341
112Leu 116Thr Hbond,0.08242
135Thr 155Thr Hbond,0.08185
144Leu 147Ala Hydrophobic,0.08183
107Asn 111Asn Hbond,0.08032
47Phe 110Ala Hydrophobic,0.08005
134Val 156Thr Hbond,0.07829
210Ser 218Arg Hbond,0.0777
197Arg 208Asp Saltbr,0.07708
47Phe 137Leu Hydrophobic,0.07614
99Ser 103Thr Hbond,0.07478
42Pro 147Ala Hydrophobic,0.07335
152Glu 155Thr Hbond,0.07157
111Asn 141Glu Hbond,0.07151
50Leu 126Phe Hydrophobic,0.07046
113Leu 117Ile Hydrophobic,0.06626
49Val 221Ile Hydrophobic,0.06572
58Arg 116Thr Hbond,0.06382
102Ile 105Ser Hbond,0.06245
192Ala 220Ile Hydrophobic,0.06127
165Leu 222Ala Hydrophobic,0.06102
110Ala 114Leu Hydrophobic,0.0591
136Arg 154Asp Saltbr,0.05889
18Arg 40Arg Hbond,0.05765
142Pro 145Asn Hbond,0.05762
40Arg 134Val Hbond,0.05684
49Val 168Leu Hydrophobic,0.05682
40Arg 156Thr Hbond,0.05631
42Pro 237Tyr Hbond,0.05519
103Thr 189Asp Hbond,0.05502
187Glu 190Lys Saltbr,0.05366
156Thr 237Tyr Hbond,0.05293
50Leu 127Leu Hydrophobic,0.05271
40Arg 152Glu Saltbr,0.05239
114Leu 123Leu Hydrophobic,0.05221
12Glu 36Arg Saltbr,0.05191
148Ile 215Arg Hbond,0.0518
196Leu 200Leu Hydrophobic,0.05173
47Phe 51Leu Hydrophobic,0.05123
146Glu 214Glh Hbond,0.05041
43Met 237Tyr Hbond,0.04937
211Gly 218Arg Hbond,0.04936
46Thr 210Ser Hbond,0.04911
103Thr 188Ala Hbond,0.04853
190Lys 197Arg Hbond,0.04462
138Asp 153Arg Saltbr,0.04444
18Arg 239Thr Hbond,0.04441
126Phe 168Leu Hydrophobic,0.0443
19Val 41Phe Hydrophobic,0.04427
168Leu 179Arg Hbond,0.04339
132Asp 135Thr Hbond,0.04211
58Arg 122Glu Saltbr,0.04196
151Asp 155Thr Hbond,0.04139
218Arg 249Asn Hbond,0.04127
132Asp 164Thr Hbond,0.04049
37Pro 158Pro Hydrophobic,0.0401
199Ala 257Ala Hydrophobic,0.03949
46Thr 237Tyr Hbond,0.03848
51Leu 113Leu Hydrophobic,0.03801
250Arg 254Glu Saltbr,0.03743
15Leu 241Ser Hbond,0.03728
78Val 81Ser Hbond,0.03684
101Ala 109Ala Hydrophobic,0.03643
54Ala 117Ile Hydrophobic,0.03589
196Leu 220Ile Hydrophobic,0.03589
102Ile 182Leu Hydrophobic,0.03574
101Ala 113Leu Hydrophobic,0.03473
40Arg 151Asp Saltbr,0.0344
12Glu 18Arg Saltbr,0.0339
183Ile 205Phe Hydrophobic,0.03361
238Thr 241Ser Hbond,0.03318
58Arg 117Ile Hbond,0.03252
210Ser 219Gly Hbond,0.03245
55Val 117Ile Hydrophobic,0.03205
40Arg 150Asn Hbond,0.03173
136Arg 152Glu Saltbr,0.03158
60Asp 175Thr Hbond,0.03145
50Leu 165Leu Hydrophobic,0.03124
126Phe 173Leu Hydrophobic,0.0312
47Phe 144Leu Hydrophobic,0.03048
195Leu 252Ile Hydrophobic,0.0304
139Arg 154Asp Saltbr,0.03
49Val 165Leu Hydrophobic,0.02958
14Gln 250Arg Hbond,0.02886
19Val 236Ile Hydrophobic,0.02832
214Glh 217Ser Hbond,0.02823
19Val 36Arg Hbond,0.02813
197Arg 206Ile Hbond,0.02786
54Ala 126Phe Hydrophobic,0.02737
147Ala 215Arg Hbond,0.02723
81Ser 108Thr Hbond,0.02684
207Ala 221Ile Hydrophobic,0.02665
216Gly 241Ser Hbond,0.02661
124Thr 137Leu Hbond,0.02594
169Leu 183Ile Hydrophobic,0.02561
23Glu 232Arg Saltbr,0.02555
123Leu 137Leu Hydrophobic,0.02491
4Thr 21Tyr Hbond,0.02483
21Tyr 34Ser Hbond,0.02479
215Arg 240Gly Hbond,0.02468
133Hie 136Arg Hbond,0.02363
196Leu 224Leu Hydrophobic,0.02324
18Arg 39Glu Saltbr,0.02293
224Leu 260Ile Hydrophobic,0.02272
26Leu 170Thr Hbond,0.02258
15Leu 242Gln Hbond,0.02242
22Ile 159Ala Hydrophobic,0.0222
26Leu 169Leu Hydrophobic,0.02219
64Glu 68Arg Saltbr,0.0219
101Ala 110Ala Hydrophobic,0.02162
64Glu 116Thr Hbond,0.02147
60Asp 178Ser Hbond,0.02141
132Asp 167Lys Saltbr,0.0212
200Leu 205Phe Hydrophobic,0.02106
165Leu 235Val Hydrophobic,0.02097
109Ala 112Leu Hydrophobic,0.0208
24Leu 162Ala Hydrophobic,0.02022
37Pro 159Ala Hydrophobic,0.02022
2Pro 6Val Hydrophobic,0.01994
217Ser 239Thr Hbond,0.01992
218Arg 238Thr Hbond,0.0195
193Gly 198Ser Hbond,0.01938
111Asn 115Thr Hbond,0.01934
215Arg 241Ser Hbond,0.01924
223Ala 230Pro Hydrophobic,0.01892
51Leu 123Leu Hydrophobic,0.0186
150Asn 215Arg Hbond,0.01856
49Val 102Ile Hydrophobic,0.01846
51Leu 114Leu Hydrophobic,0.01816
47Phe 50Leu Hydrophobic,0.01802
163Thr 167Lys Hbond,0.01801
247Glu 251Gln Hbond,0.01783
94Val 113Leu Hydrophobic,0.01764
9Lys 13Asp Saltbr,0.01761
224Leu 234Val Hydrophobic,0.0176
24Leu 233Ile Hydrophobic,0.01754
18Arg 238Thr Hbond,0.01735
183Ile 207Ala Hydrophobic,0.01715
120Pro 137Leu Hydrophobic,0.01704
218Arg 248Arg Hbond,0.01695
123Leu 127Leu Hydrophobic,0.0169
165Leu 221Ile Hydrophobic,0.01684
11Ala 19Val Hydrophobic,0.01676
245Met 249Asn Hbond,0.0165
254Glu 258Ser Hbond,0.01629
180Gln 184Asp Hbond,0.01623
194Pro 198Ser Hbond,0.01616
7Lys 251Gln Hbond,0.01528
128Hie 133Hie Hbond,0.01528
251Gln 254Glu Hbond,0.01521
139Arg 143Glu Saltbr,0.01506
3Glu 7Lys Saltbr,0.01497
51Leu 110Ala Hydrophobic,0.01495
118Gly 121Lys Hbond,0.01485
196Leu 234Val Hydrophobic,0.01459
195Leu 253Ala Hydrophobic,0.01435
112Leu 115Thr Hbond,0.01425
168Leu 174Leu Hydrophobic,0.01421
220Ile 235Val Hydrophobic,0.01405
196Leu 222Ala Hydrophobic,0.0138
177Ala 180Gln Hbond,0.01373
50Leu 168Leu Hydrophobic,0.01362
167Lys 172Glu Saltbr,0.0136
158Pro 162Ala Hydrophobic,0.01354
206Ile 224Leu Hydrophobic,0.01349
169Leu 179Arg Hbond,0.01342
54Ala 123Leu Hydrophobic,0.01341
110Ala 113Leu Hydrophobic,0.01326
207Ala 223Ala Hydrophobic,0.01323
253Ala 257Ala Hydrophobic,0.01323
11Ala 255Ile Hydrophobic,0.01318
194Pro 253Ala Hydrophobic,0.01309
99Ser 185Trp Hbond,0.01303
55Val 66Leu Hydrophobic,0.01296
205Phe 223Ala Hydrophobic,0.01295
244Thr 247Glu Hbond,0.01289
22Ile 158Pro Hydrophobic,0.0128
100Ala 109Ala Hydrophobic,0.0128
57Ser 173Leu Hbond,0.01274
159Ala 163Thr Hbond,0.01269
36Arg 39Glu Saltbr,0.01263
236Ile 252Ile Hydrophobic,0.01232
69Arg 91Gly Hbond,0.01228
66Leu 93Thr Hbond,0.01217
175Thr 179Arg Hbond,0.01214
246Asp 250Arg Saltbr,0.01209
95Arg 99Ser Hbond,0.01207
123Leu 126Phe Hydrophobic,0.01198
69Arg 90Asp Saltbr,0.01187
29Gly 166Arg Hbond,0.01178
165Leu 169Leu Hydrophobic,0.01163
9Lys 12Glu Saltbr,0.01162
171Gly 179Arg Hbond,0.01155
93Thr 96Glu Hbond,0.0114
68Arg 116Thr Hbond,0.01126
169Leu 182Leu Hydrophobic,0.0112
16Gly 242Gln Hbond,0.01078
217Ser 248Arg Hbond,0.0107
27Asn 231Ser Hbond,0.01066
215Arg 239Thr Hbond,0.01064
257Ala 261Lys Hbond,0.01054
236Ile 255Ile Hydrophobic,0.01049
258Ser 262Hie Hbond,0.01048
205Phe 230Pro Hydrophobic,0.01047
121Lys 137Leu Hbond,0.01046
160Ala 163Thr Hbond,0.01046
162Ala 165Leu Hydrophobic,0.01045
130Met 164Thr Hbond,0.0104
172Glu 179Arg Saltbr,0.0104
71Hie 88Leu Hbond,0.01035
174Leu 182Leu Hydrophobic,0.01019
25Asp 166Arg Saltbr,0.00998
5Leu 35Phe Hydrophobic,0.00983
220Ile 234Val Hydrophobic,0.00976
113Leu 116Thr Hbond,0.00965
207Ala 222Ala Hydrophobic,0.00952
27Asn 166Arg Hbond,0.0094
199Ala 260Ile Hydrophobic,0.00936
114Leu 117Ile Hydrophobic,0.00928
56Leu 174Leu Hydrophobic,0.00911
257Ala 260Ile Hydrophobic,0.00901
168Leu 173Leu Hydrophobic,0.00896
174Leu 179Arg Hbond,0.00892
8Val 11Ala Hydrophobic,0.00891
200Leu 224Leu Hydrophobic,0.00891
15Leu 243Ala Hydrophobic,0.00874
191Val 194Pro Hydrophobic,0.00874
121Lys 138Asp Saltbr,0.0085
258Ser 261Lys Hbond,0.00847
216Gly 248Arg Hbond,0.00846
79Glu 107Asn Hbond,0.00832
234Val 259Leu Hydrophobic,0.00824
10Asp 14Gln Hbond,0.00817
222Ala 233Ile Hydrophobic,0.00814
70Ile 97Leu Hydrophobic,0.00784
169Leu 233Ile Hydrophobic,0.00784
4Thr 23Glu Hbond,0.00779
54Ala 58Arg Hbond,0.00775
69Arg 93Thr Hbond,0.00767
128Hie 135Thr Hbond,0.00765
70Ile 94Val Hydrophobic,0.00761
25Asp 28Ser Hbond,0.00756
55Val 113Leu Hydrophobic,0.00753
175Thr 178Ser Hbond,0.00713
58Arg 64Glu Saltbr,0.00707
4Thr 262Hie Hbond,0.00698
192Ala 195Leu Hydrophobic,0.00698
78Val 142Pro Hydrophobic,0.00695
120Pro 124Thr Hbond,0.00688
244Thr 248Arg Hbond,0.00688
178Ser 181Gln Hbond,0.00682
97Leu 113Leu Hydrophobic,0.0068
96Glu 99Ser Hbond,0.00674
131Gly 167Lys Hbond,0.00657
220Ile 236Ile Hydrophobic,0.00645
255Ile 259Leu Hydrophobic,0.00641
120Pro 123Leu Hydrophobic,0.00637
26Leu 166Arg Hbond,0.00612
80Tyr 104Met Hbond,0.00611
252Ile 255Ile Hydrophobic,0.00592
7Lys 254Glu Saltbr,0.00581
53Gly 57Ser Hbond,0.00572
83Val 87Hid Hbond,0.00566
77Leu 88Leu Hydrophobic,0.00555
220Ile 252Ile Hydrophobic,0.00555
1Hie 4Thr Hbond,0.00532
56Leu 66Leu Hydrophobic,0.00516
196Leu 199Ala Hydrophobic,0.00513
66Leu 95Arg Hbond,0.00501
56Leu 59Val Hydrophobic,0.005
241Ser 248Arg Hbond,0.00496
165Leu 233Ile Hydrophobic,0.00495
160Ala 164Thr Hbond,0.00485
22Ile 31Ile Hydrophobic,0.00481
80Tyr 107Asn Hbond,0.00475
41Phe 158Pro Hydrophobic,0.00453
170Thr 179Arg Hbond,0.00443
165Leu 168Leu Hydrophobic,0.00432
87Hid 91Gly Hbond,0.00411
140Trp 143Glu Hbond,0.00408
71Hie 90Asp Hbond,0.00407
84Thr 106Asp Hbond,0.00403
73Ser 76Asp Hbond,0.00401
22Ile 37Pro Hydrophobic,0.00399
97Leu 101Ala Hydrophobic,0.0038
205Phe 224Leu Hydrophobic,0.0038
196Leu 206Ile Hydrophobic,0.00378
59Val 66Leu Hydrophobic,0.00353
8Val 255Ile Hydrophobic,0.00336
51Leu 54Ala Hydrophobic,0.00323
181Gln 184Asp Hbond,0.00321
72Tyr 87Hid Hbond,0.00319
224Leu 230Pro Hydrophobic,0.00316
247Glu 250Arg Saltbr,0.00309
206Ile 223Ala Hydrophobic,0.00306
117Ile 123Leu Hydrophobic,0.00264
125Ala 129Asn Hbond,0.00253
70Ile 112Leu Hydrophobic,0.00252
222Ala 234Val Hydrophobic,0.00251
10Asp 251Gln Hbond,0.0025
223Ala 233Ile Hydrophobic,0.00241
246Asp 249Asn Hbond,0.0024
11Ala 15Leu Hydrophobic,0.00233
2Pro 5Leu Hydrophobic,0.00232
25Asp 30Lys Saltbr,0.00226
3Glu 258Ser Hbond,0.00225
26Leu 233Ile Hydrophobic,0.00224
206Ile 222Ala Hydrophobic,0.00219
15Leu 19Val Hydrophobic,0.00218
21Tyr 33Glu Hbond,0.00204
5Leu 9Lys Hbond,0.00198
172Glu 175Thr Hbond,0.00189
201Pro 260Ile Hydrophobic,0.00164
51Leu 117Ile Hydrophobic,0.00143
177Ala 181Gln Hbond,0.00101
218Arg 245Met Hbond,0.00094
94Val 97Leu Hydrophobic,0.00087
224Leu 259Leu Hydrophobic,0.00077
162Ala 233Ile Hydrophobic,0.00058
130Met 167Lys Hbond,0.00052
226Pro 229Lys Hbond,0.00051
97Leu 112Leu Hydrophobic,0.0005
24Leu 31Ile Hydrophobic,0.00043
195Leu 220Ile Hydrophobic,0.00042
71Hie 89Thr Hbond,0.00019
7Lys 10Asp Saltbr,0.00017
66Leu 94Val Hydrophobic,0.00016
49Val 182Leu Hydrophobic,1e-05
5Leu 8Val Hydrophobic,0.0
8Val 19Val Hydrophobic,0.0
8Val 35Phe Hydrophobic,0.0
19Val 35Phe Hydrophobic,0.0
23Glu 30Lys Saltbr,0.0
24Leu 32Leu Hydrophobic,0.0
3Glu 262Hie Hbond,0.0
4Thr 258Ser Hbond,0.0
50Leu 54Ala Hydrophobic,0.0
51Leu 55Val Hydrophobic,0.0
54Ala 57Ser Hbond,0.0
55Val 59Val Hydrophobic,0.0
55Val 94Val Hydrophobic,0.0
58Arg 63Gln Hbond,0.0
62Gly 65Gln Hbond,0.0
65Gln 68Arg Hbond,0.0
68Arg 93Thr Hbond,0.0
7Lys 258Ser Hbond,0.0
72Tyr 84Thr Hbond,0.0
74Gln 88Leu Hbond,0.0
82Pro 86Lys Hbond,0.0
83Val 86Lys Hbond,0.0
86Lys 90Asp Saltbr,0.0
87Hid 90Asp Hbond,0.0
14Gln 247Glu Hbond,0.0
14Gln 251Gln Hbond,0.0
22Ile 162Ala Hydrophobic,0.0
22Ile 233Ile Hydrophobic,0.0
22Ile 234Val Hydrophobic,0.0
22Ile 235Val Hydrophobic,0.0
25Asp 232Arg Saltbr,0.0
26Leu 230Pro Hydrophobic,0.0
56Leu 178Ser Hbond,0.0
56Leu 182Leu Hydrophobic,0.0
81Ser 106Asp Hbond,0.0
83Val 100Ala Hydrophobic,0.0
95Arg 181Gln Hbond,0.0
95Arg 185Trp Hbond,0.0
97Leu 100Ala Hydrophobic,0.0
97Leu 109Ala Hydrophobic,0.0
109Ala 113Leu Hydrophobic,0.0
114Leu 120Pro Hydrophobic,0.0
121Lys 124Thr Hbond,0.0
126Phe 129Asn Hbond,0.0
158Pro 235Val Hydrophobic,0.0
159Ala 162Ala Hydrophobic,0.0
162Ala 235Val Hydrophobic,0.0
163Thr 166Arg Hbond,0.0
166Arg 170Thr Hbond,0.0
168Leu 182Leu Hydrophobic,0.0
169Leu 223Ala Hydrophobic,0.0
176Leu 180Gln Hbond,0.0
200Leu 206Ile Hydrophobic,0.0
200Leu 260Ile Hydrophobic,0.0
221Ile 234Val Hydrophobic,0.0
221Ile 235Val Hydrophobic,0.0
232Arg 263Trp Hbond,0.0
243Ala 248Arg Hbond,0.0
255Ile 258Ser Hbond,0.0
