Feature,Score
47Lys 104Ser Hbond,-0.5404545034171614
98Glu 103Tyr Hbond,0.4515649632086414
194Arg 217Thr Hbond,0.2862388045951243
104Ser 208Lys Hbond,-0.2699330351197482
25Asp 228Arg Saltbr,0.24912775580960508
207Asp 219Ash Hbond,-0.2442130592488846
47Lys 105Asp Saltbr,0.2384673580642259
194Arg 211Thr Hbond,0.22805375852092633
78Asp 106Asn Hbond,-0.21936210008582077
47Lys 100Ala Hbond,-0.20564896314853887
100Ala 109Ala Hydrophobic,0.20333386765365458
100Ala 208Lys Hbond,-0.19051312561564243
101Ile 185Leu Hydrophobic,-0.18862542227577056
79Tyr 106Asn Hbond,-0.18296487768313072
188Asn 208Lys Hbond,0.17635047873649617
124Ala 128Ser Hbond,-0.17281524225876468
77Val 141Pro Hydrophobic,-0.17143285164166663
100Ala 108Ala Hydrophobic,0.16577800794186237
218Asn 236Tyr Hbond,-0.16207108120181038
258Val 261Ala Hydrophobic,-0.1587356790162769
102Thr 188Asn Hbond,-0.15847098939841886
101Ile 181Leu Hydrophobic,-0.15776263577519922
47Lys 106Asn Hbond,-0.15720224775818475
100Ala 104Ser Hbond,-0.15598298811878514
257Leu 261Ala Hydrophobic,0.1542654914305018
191Gly 196Arg Hbond,-0.15317849840026637
80Ser 105Asp Hbond,-0.15064211199798977
190Thr 194Arg Hbond,-0.1450703147973644
140Glu 144Asn Hbond,-0.13642147921633166
211Thr 216Thr Hbond,-0.1319187164298956
194Arg 209Thr Hbond,0.12948775420331765
211Thr 217Thr Hbond,-0.12784574973076013
30Arg 262Phe Hbond,0.12716187895033707
209Thr 219Ash Hbond,-0.12451050190894318
24Leu 162Ala Hydrophobic,0.12389744407428527
41Pro 218Asn Hbond,-0.12132863849779515
24Leu 161Ala Hydrophobic,0.1207623421284014
47Lys 140Glu Saltbr,0.11917172163616227
99Ala 108Ala Hydrophobic,0.11469680403566009
259Ala 262Phe Hydrophobic,-0.11388280476790592
32Ile 262Phe Hydrophobic,0.11284726304787546
102Thr 189Lys Hbond,-0.11270827859583442
125Phe 167Leu Hydrophobic,-0.11224774671553857
188Asn 207Asp Hbond,0.11217567694991347
194Arg 219Ash Hbond,0.11203758959755958
98Glu 102Thr Hbond,-0.11133615276559786
79Tyr 103Tyr Hbond,-0.11104520406749033
50Leu 112Leu Hydrophobic,-0.10574765782511372
127Arg 131Asp Saltbr,-0.10497171634767775
133Val 159Ala Hydrophobic,-0.10469221489937705
4Leu 262Phe Hydrophobic,0.10423789492667798
30Arg 261Ala Hbond,-0.1033431524506285
188Asn 209Thr Hbond,-0.10320620280083355
110Asn 140Glu Hbond,-0.10235266397483722
102Thr 187Ala Hbond,-0.10234466838401604
127Arg 134Thr Hbond,-0.10211344084747795
196Arg 207Asp Saltbr,0.10165885874207217
195Leu 233Val Hydrophobic,0.10150863586020252
210Gly 217Thr Hbond,0.10141741425643516
228Arg 262Phe Hbond,-0.10141659045281984
102Thr 190Thr Hbond,-0.10108103107970899
113Leu 122Leu Hydrophobic,0.09953273002782179
98Glu 184Trp Hbond,-0.09934402292564534
22Ala 161Ala Hydrophobic,0.09771579270073753
109Ala 113Leu Hydrophobic,-0.0974172595600733
257Leu 262Phe Hydrophobic,0.09683590319977123
32Ile 261Ala Hydrophobic,-0.0927544320286549
159Ala 162Ala Hydrophobic,-0.09264369757050595
55Leu 58Val Hydrophobic,-0.09184925142956628
23Val 262Phe Hydrophobic,0.09161446728388603
221Ala 232Val Hydrophobic,0.09035888888783696
51Ala 101Ile Hydrophobic,-0.09028471223462468
80Ser 107Thr Hbond,-0.0902227142323155
46Phe 109Ala Hydrophobic,-0.09021099636943088
27Ala 229Ala Hydrophobic,-0.08927019693935492
46Phe 113Leu Hydrophobic,-0.08924432572448672
39Arg 149Gly Hbond,-0.08892237852721942
59Asp 177Ser Hbond,-0.08790852166611453
164Leu 222Val Hydrophobic,-0.08755861060751319
161Ala 234Ala Hydrophobic,0.08736751545441639
164Leu 168Leu Hydrophobic,0.08365010049722964
164Leu 221Ala Hydrophobic,-0.08200419712360484
193Lys 248Asp Saltbr,0.08173634479380754
36Gly 156Thr Hbond,0.08163065487974068
225Pro 230Pro Hydrophobic,-0.0803844127349397
58Val 64Arg Hbond,0.0803806153082962
209Thr 218Asn Hbond,0.08029343188872692
49Leu 167Leu Hydrophobic,-0.07904783785368652
101Ile 188Asn Hbond,-0.0786885309479333
82Val 99Ala Hydrophobic,-0.0778894863687015
55Leu 65Leu Hydrophobic,-0.07633471184603871
116Leu 122Leu Hydrophobic,-0.07598613504633894
205Val 221Ala Hydrophobic,0.07551113662982303
194Arg 248Asp Saltbr,0.07413533685738213
164Leu 233Val Hydrophobic,-0.07408009462678561
108Ala 111Leu Hydrophobic,-0.07387803441171759
195Leu 221Ala Hydrophobic,-0.0734522754517036
225Pro 229Ala Hydrophobic,-0.07338218667949625
190Thr 208Lys Hbond,0.07290554411800095
59Asp 174Ser Hbond,-0.07280981656201437
217Thr 247Arg Hbond,-0.07255344785440457
45Thr 236Tyr Hbond,-0.07223824664751813
122Leu 136Leu Hydrophobic,-0.06962705130410834
39Arg 133Val Hbond,0.0695816175006698
120Ala 136Leu Hydrophobic,0.06952448469677676
233Val 258Val Hydrophobic,-0.0688612813474599
225Pro 262Phe Hydrophobic,-0.06855526358148585
4Leu 261Ala Hydrophobic,0.06785591448973516
138Arg 142Glu Saltbr,-0.06691506729244467
222Val 230Pro Hydrophobic,-0.0667677169419543
193Lys 245Glu Saltbr,0.06669333408596109
54Val 58Val Hydrophobic,0.06608386945211564
56Ala 60Gln Hbond,0.06511781785347542
24Leu 230Pro Hydrophobic,-0.06499328981401899
169Leu 230Pro Hydrophobic,0.06419851021860207
221Ala 233Val Hydrophobic,-0.06397398429173962
23Val 32Ile Hydrophobic,-0.06336987102275574
77Val 80Ser Hbond,-0.06249387281066792
167Leu 181Leu Hydrophobic,0.060462507875505465
52Ala 173Leu Hydrophobic,-0.060328420193710416
106Asn 140Glu Hbond,-0.05951705585292048
256Arg 260Glu Saltbr,0.05914721179847268
195Leu 251Ile Hydrophobic,0.05878729473644264
39Arg 154Thr Hbond,0.05875219989288509
102Thr 184Trp Hbond,0.05875045784500723
52Ala 167Leu Hydrophobic,0.05869679438355503
21Val 234Ala Hydrophobic,-0.058691946286603715
166Lys 171Asp Saltbr,-0.058051543606339524
199Leu 259Ala Hydrophobic,-0.057430424510296244
25Asp 30Arg Saltbr,-0.056949407419501274
217Thr 248Asp Hbond,0.05678286320818782
190Thr 209Thr Hbond,-0.05674168818948194
45Thr 218Asn Hbond,0.05673994242271914
4Leu 257Leu Hydrophobic,-0.05667529510002108
161Ala 232Val Hydrophobic,-0.05656593083470135
57Gln 62Lys Hbond,0.05612027580952515
108Ala 112Leu Hydrophobic,-0.05544376519560912
53Ala 116Leu Hydrophobic,-0.055065003941632315
122Leu 125Phe Hydrophobic,0.05495869226971563
113Leu 136Leu Hydrophobic,0.0547699616670452
48Ala 220Ile Hydrophobic,0.054706912486591916
26Thr 230Pro Hbond,-0.05438051313595901
53Ala 125Phe Hydrophobic,-0.05433992899548164
129Ile 172Ala Hydrophobic,0.053876217638339434
46Phe 50Leu Hydrophobic,-0.053800891886234894
161Ala 164Leu Hydrophobic,0.053217597728677776
38Glu 156Thr Hbond,-0.053213628677773815
214Hie 239Glu Hbond,-0.05300577188646853
165Arg 169Leu Hbond,0.052519563449301664
164Leu 167Leu Hydrophobic,0.05237261336347611
157Pro 234Ala Hydrophobic,-0.05213131688224308
222Val 232Val Hydrophobic,0.05150609557493515
80Ser 83Thr Hbond,-0.05149222923812947
223Ile 258Val Hydrophobic,-0.05132384293163212
123Thr 127Arg Hbond,-0.05124208889178059
100Ala 112Leu Hydrophobic,-0.05037254921936456
169Leu 232Val Hydrophobic,0.05027248697692463
50Leu 122Leu Hydrophobic,-0.05024013274776274
191Gly 194Arg Hbond,0.04959040672628924
56Ala 125Phe Hydrophobic,-0.04868288658451747
50Leu 113Leu Hydrophobic,-0.04847059682131748
164Leu 232Val Hydrophobic,-0.04809938558320977
46Phe 143Leu Hydrophobic,0.04794038575309437
231Ile 262Phe Hydrophobic,-0.04671588438053208
50Leu 109Ala Hydrophobic,-0.04616431997560125
25Asp 28Thr Hbond,-0.04602369660106701
31Arg 158Arg Hbond,-0.04570185928636271
18Arg 38Glu Saltbr,-0.044666817689510176
10Glu 14Arg Saltbr,0.04465757684858162
22Ala 33Ala Hydrophobic,0.043984719629012195
106Asn 110Asn Hbond,0.04300380985948336
5Ser 33Ala Hbond,-0.042933073183127536
120Ala 124Ala Hydrophobic,-0.04190850969528634
218Asn 235Val Hbond,-0.04161144657280226
42Met 45Thr Hbond,0.04096235145881494
186Leu 196Arg Hbond,-0.040686751079012255
220Ile 234Ala Hydrophobic,-0.040580970100249074
199Leu 258Val Hydrophobic,-0.04051810476373783
159Ala 163Thr Hbond,0.039911140371639064
174Ser 177Ser Hbond,-0.03986889339826442
205Val 222Val Hydrophobic,0.03981965937054706
169Leu 222Val Hydrophobic,0.03973024879744907
86Hid 90Gly Hbond,-0.03880085185108791
244Ala 247Arg Hbond,0.038649167894774517
2Ala 7Gln Hbond,0.03840912450520289
112Leu 116Leu Hydrophobic,0.038384221647668415
186Leu 205Val Hydrophobic,-0.03801178630166313
52Ala 56Ala Hydrophobic,0.03798061178176735
55Leu 177Ser Hbond,-0.03797765835018833
258Val 262Phe Hydrophobic,0.03764316492040583
68Arg 92Thr Hbond,0.037379488483060046
68Arg 90Gly Hbond,0.03719881443106679
12Glu 34Tyr Hbond,-0.036884110215244445
96Leu 111Leu Hydrophobic,-0.03685477468531058
197Ala 252Ala Hydrophobic,0.036758958388005226
194Arg 207Asp Saltbr,-0.036280411484453476
65Leu 93Val Hydrophobic,-0.03627630517337904
164Leu 220Ile Hydrophobic,0.03611902734757839
102Thr 208Lys Hbond,0.036010122342124806
113Leu 119Pro Hydrophobic,0.03595545728364855
186Leu 204Arg Hbond,-0.03589356838281531
22Ala 32Ile Hydrophobic,0.03582599469235513
22Ala 233Val Hydrophobic,0.035432545825837214
69Ile 111Leu Hydrophobic,-0.03524483141610802
186Leu 189Lys Hbond,-0.03498478054536806
41Pro 146Ala Hydrophobic,-0.0349233478065454
254Val 257Leu Hydrophobic,0.03483999141901043
167Leu 178Arg Hbond,0.03471208022529065
249Ala 252Ala Hydrophobic,0.034628923429995975
252Ala 256Arg Hbond,0.03430359240860464
39Arg 156Thr Hbond,-0.03360783432704311
223Ile 233Val Hydrophobic,-0.03356095499909805
164Leu 169Leu Hydrophobic,-0.033369590841858386
19Leu 250Val Hydrophobic,0.033348824731718255
225Pro 231Ile Hydrophobic,-0.03334543311199971
52Ala 125Phe Hydrophobic,-0.03318979000896987
49Leu 52Ala Hydrophobic,-0.033082777156146846
57Gln 116Leu Hbond,0.03299228830800361
138Arg 153Asp Saltbr,-0.03292634947102794
213Gly 216Thr Hbond,-0.03276936262339165
65Leu 92Thr Hbond,-0.032465469295272595
75Asp 107Thr Hbond,-0.03236759959547435
22Ala 157Pro Hydrophobic,-0.03223206438826965
8Leu 254Val Hydrophobic,0.032138422238890144
113Leu 116Leu Hydrophobic,0.031598833915483085
119Pro 122Leu Hydrophobic,-0.03133190923075277
116Leu 121Ala Hydrophobic,-0.03132719293325735
2Ala 261Ala Hydrophobic,-0.031284986483054326
96Leu 108Ala Hydrophobic,0.031014254010378377
51Ala 181Leu Hydrophobic,0.0306280160306391
121Ala 125Phe Hydrophobic,0.030608266841143112
40Phe 157Pro Hydrophobic,0.03035552363258669
141Pro 144Asn Hbond,-0.030341596969435114
190Thr 196Arg Hbond,-0.030223126706193235
53Ala 122Leu Hydrophobic,-0.03020863667668803
254Val 258Val Hydrophobic,-0.029823794954848926
49Leu 122Leu Hydrophobic,-0.029160078734220853
223Ile 231Ile Hydrophobic,-0.029060210938543257
11Leu 257Leu Hydrophobic,-0.028637480152828052
93Val 96Leu Hydrophobic,-0.028495876681475203
16Gly 241Gln Hbond,-0.028193998612943718
35Arg 38Glu Saltbr,-0.028038761089910567
129Ile 167Leu Hydrophobic,0.02790005144607408
119Pro 136Leu Hydrophobic,0.027827479440005236
57Gln 60Gln Hbond,-0.02759610399432643
54Val 116Leu Hydrophobic,0.027512881478747506
195Leu 252Ala Hydrophobic,0.02710419824660717
53Ala 56Ala Hydrophobic,0.02708527203562503
176Ala 180Gln Hbond,-0.026993517794298913
10Glu 13Lys Saltbr,-0.026952398337981267
18Arg 239Glu Saltbr,0.026775756314283538
125Phe 129Ile Hydrophobic,-0.026768075738693088
195Leu 254Val Hydrophobic,0.02672741622721173
22Ala 232Val Hydrophobic,-0.0261844569230203
188Asn 196Arg Hbond,-0.026101733492614156
11Leu 250Val Hydrophobic,0.025873952310890323
196Arg 205Val Hbond,-0.02578563931234524
250Val 254Val Hydrophobic,-0.025677991280715077
211Thr 247Arg Hbond,0.025255750403939008
223Ile 230Pro Hydrophobic,-0.025221017495683746
52Ala 55Leu Hydrophobic,-0.025157502420135126
199Leu 205Val Hydrophobic,-0.024936320476504046
21Val 254Val Hydrophobic,0.024895426417115073
65Leu 94Ala Hydrophobic,-0.024865358265410968
96Leu 99Ala Hydrophobic,0.02479403444242187
235Val 251Ile Hydrophobic,0.02462875810387758
168Leu 181Leu Hydrophobic,-0.024374162259586416
92Thr 95Glu Hbond,-0.02429338238220075
220Ile 233Val Hydrophobic,-0.02415917222219959
50Leu 53Ala Hydrophobic,-0.02392524115577056
24Leu 231Ile Hydrophobic,-0.023442703550294555
27Ala 230Pro Hydrophobic,-0.02325315463646997
49Leu 125Phe Hydrophobic,-0.0232125590298756
48Ala 101Ile Hydrophobic,-0.02273698637591637
70Thr 88Gly Hbond,0.022631990579328926
4Leu 32Ile Hydrophobic,-0.02258433650116855
37Asp 156Thr Hbond,0.02243012706755298
253Glu 256Arg Saltbr,-0.022421195443874428
4Leu 8Leu Hydrophobic,0.022289646448392045
46Phe 136Leu Hydrophobic,0.021792407922245686
192Asp 196Arg Saltbr,-0.02091447309136752
16Gly 237Tyr Hbond,0.020245660124594774
26Thr 165Arg Hbond,0.020186508022381703
12Glu 18Arg Saltbr,-0.020045363507196042
251Ile 254Val Hydrophobic,0.019970922994377114
63Glu 67Arg Saltbr,0.019863336347502127
126Leu 129Ile Hydrophobic,-0.019667845641616756
167Leu 173Leu Hydrophobic,0.01964347197655064
51Ala 54Val Hydrophobic,-0.019640212846106574
1Ala 7Gln Hbond,-0.019637179444225602
15Ser 241Gln Hbond,-0.019462862213355907
168Leu 222Val Hydrophobic,-0.01931054733837502
188Asn 205Val Hbond,-0.01926949052117672
4Leu 258Val Hydrophobic,-0.018897530739034232
189Lys 192Asp Saltbr,0.01847898770829256
112Leu 115Ala Hydrophobic,-0.018152675692479872
131Asp 163Thr Hbond,-0.017800358889136707
171Asp 178Arg Saltbr,0.017623368366449104
119Pro 123Thr Hbond,0.01738057033117388
127Arg 133Val Hbond,-0.01737541828868959
23Val 258Val Hydrophobic,-0.017339425701736796
243Asp 247Arg Saltbr,-0.017277520688080302
21Val 235Val Hydrophobic,0.017187783465760286
48Ala 51Ala Hydrophobic,-0.01682526404753559
125Phe 128Ser Hbond,0.016580910643904007
24Leu 262Phe Hydrophobic,-0.01616456511974498
199Leu 223Ile Hydrophobic,-0.016098328715803606
46Phe 122Leu Hydrophobic,-0.015880066811488697
169Leu 178Arg Hbond,0.015711250035686346
131Asp 134Thr Hbond,0.01559634206004644
8Leu 257Leu Hydrophobic,-0.015216987408214753
81Pro 85Lys Hbond,-0.015012588039488838
37Asp 158Arg Saltbr,-0.014785737683505376
21Val 33Ala Hydrophobic,0.014768383147643522
174Ser 178Arg Hbond,-0.01456638122027079
19Leu 40Phe Hydrophobic,-0.014204971276471414
123Thr 136Leu Hbond,-0.014088075965569467
157Pro 161Ala Hydrophobic,0.014005075869581836
215Gly 247Arg Hbond,-0.013960085576876518
168Leu 182Val Hydrophobic,0.013707206715019054
151Pro 154Thr Hbond,0.013510357881102835
185Leu 188Asn Hbond,0.013401066359459783
23Val 233Val Hydrophobic,-0.013288354284593696
70Thr 89Gly Hbond,0.013138920867956613
111Leu 115Ala Hydrophobic,0.012678064296347267
54Val 112Leu Hydrophobic,-0.012647334529573591
127Arg 132Glu Saltbr,0.012534267324474812
129Ile 166Lys Hbond,0.012270499007183085
181Leu 185Leu Hydrophobic,-0.012263604213543666
16Gly 240Ser Hbond,-0.012236718992418707
36Gly 158Arg Hbond,-0.012138793727653002
222Val 231Ile Hydrophobic,-0.012135435269944699
71Tyr 83Thr Hbond,-0.012078368753745678
50Leu 116Leu Hydrophobic,0.012072142180626954
68Arg 89Gly Hbond,-0.012037348084176376
216Thr 247Arg Hbond,-0.012007065539147243
122Leu 126Leu Hydrophobic,-0.011852761635302704
170Gly 178Arg Hbond,-0.011687123152648957
8Leu 21Val Hydrophobic,0.011593040329974666
242Ala 246Ala Hydrophobic,0.011338056292814943
221Ala 231Ile Hydrophobic,-0.011014342844280775
53Ala 57Gln Hbond,-0.010972413745886613
96Leu 100Ala Hydrophobic,-0.010878163827146006
7Gln 10Glu Hbond,0.010866994136625665
55Leu 173Leu Hydrophobic,0.010746224408804907
180Gln 183Asp Hbond,0.01073696439433463
173Leu 181Leu Hydrophobic,-0.010726362969446948
109Ala 112Leu Hydrophobic,0.010615576898640079
49Leu 53Ala Hydrophobic,-0.01043627043490016
21Val 157Pro Hydrophobic,0.01023535442548891
19Leu 235Val Hydrophobic,0.010225471844765861
83Thr 105Asp Hbond,0.010179510740362505
54Val 93Val Hydrophobic,0.010178875603971198
23Val 232Val Hydrophobic,-0.00983301288256853
137Asp 152Arg Saltbr,-0.009672857657772701
242Ala 247Arg Hbond,-0.00928547703223293
50Leu 54Val Hydrophobic,0.009186046451711193
162Ala 166Lys Hbond,0.009141347841172247
189Lys 196Arg Hbond,-0.009103165880007829
101Ile 208Lys Hbond,0.008966236239772007
11Leu 254Val Hydrophobic,0.008936529792512716
168Leu 178Arg Hbond,-0.008934093695732736
82Val 86Hid Hbond,-0.008744912263480027
14Arg 253Glu Saltbr,0.008658187819280528
185Leu 196Arg Hbond,-0.008539718073466804
215Gly 240Ser Hbond,-0.008482772344296207
72Ser 75Asp Hbond,-0.00836749107676254
22Ala 234Ala Hydrophobic,-0.008347855895942577
56Ala 173Leu Hydrophobic,0.008134946398026808
96Leu 112Leu Hydrophobic,-0.008051289138621449
8Leu 11Leu Hydrophobic,-0.007848847535186484
24Leu 232Val Hydrophobic,-0.007735205400520253
185Leu 222Val Hydrophobic,0.007551137332848371
55Leu 181Leu Hydrophobic,0.007518110169034754
130Gly 166Lys Hbond,-0.007418826020196105
237Tyr 240Ser Hbond,0.007350217578158953
83Thr 107Thr Hbond,0.0072058696308247095
11Leu 15Ser Hbond,-0.0071864087859977365
52Ala 181Leu Hydrophobic,-0.007060077275477188
4Leu 23Val Hydrophobic,0.006998369354166889
173Leu 178Arg Hbond,-0.006967528681612459
8Leu 19Leu Hydrophobic,-0.006929506687357286
135Arg 153Asp Saltbr,0.006873813571416275
168Leu 185Leu Hydrophobic,0.00682933960437598
19Leu 254Val Hydrophobic,-0.006358179628679034
69Ile 93Val Hydrophobic,0.006197327288048073
182Val 186Leu Hydrophobic,-0.006066024322571241
240Ser 247Arg Hbond,0.006026128943752984
12Glu 15Ser Hbond,0.005965718820927223
12Glu 35Arg Saltbr,0.005873334016472573
195Leu 235Val Hydrophobic,0.00586043249221298
69Ile 96Leu Hydrophobic,-0.005854007635766361
195Leu 199Leu Hydrophobic,-0.00584324575720731
3Ala 7Gln Hbond,0.004934978082188418
71Tyr 86Hid Hbond,-0.004918834976981752
136Leu 143Leu Hydrophobic,0.004915078056476408
138Arg 150Asp Saltbr,-0.004565825778979281
48Ala 52Ala Hydrophobic,0.004421156428467996
49Leu 126Leu Hydrophobic,0.004269552507707566
21Val 32Ile Hydrophobic,-0.0041368149582218195
246Ala 250Val Hydrophobic,0.004042514136266143
46Phe 49Leu Hydrophobic,-0.003888610761451553
15Ser 237Tyr Hbond,0.003884110581078702
93Val 112Leu Hydrophobic,0.0037119611991613386
235Val 254Val Hydrophobic,0.0036922153350721788
51Ala 55Leu Hydrophobic,0.003672038237047546
9Ala 13Lys Hbond,0.003385008682423152
194Arg 245Glu Saltbr,-0.0028985268702720756
197Ala 256Arg Hbond,-0.0026656457004347674
145Glu 214Hie Hbond,0.002629119111898359
121Ala 124Ala Hydrophobic,-0.0024693382417293242
216Thr 238Thr Hbond,-0.002361203004873867
18Arg 39Arg Hbond,0.0023312658698762564
167Leu 172Ala Hydrophobic,-0.002168795017388965
182Val 185Leu Hydrophobic,-0.0020533316260085534
198Gly 256Arg Hbond,-0.002038022489439543
15Ser 240Ser Hbond,0.0020310496004426054
58Val 65Leu Hydrophobic,0.0017137408619722185
134Thr 155Thr Hbond,0.0016233685752773156
76Leu 87Val Hydrophobic,-0.0015192614005819188
11Leu 19Leu Hydrophobic,0.001063489676823851
42Met 218Asn Hbond,0.0009895477496969897
200Pro 259Ala Hydrophobic,0.0007037166827159275
205Val 223Ile Hydrophobic,-0.0005235473357680062
48Ala 181Leu Hydrophobic,-0.0004926934705755104
246Ala 249Ala Hydrophobic,0.00046308994950079594
23Val 231Ile Hydrophobic,-0.0004522150421826664
138Arg 145Glu Saltbr,0.00016473682579006956
