Feature,Score
47Lys 104Ser Hbond,0.24844
104Ser 208Lys Hbond,0.15584
47Lys 106Asn Hbond,0.13312
47Lys 105Asp Saltbr,0.12218
98Glu 103Tyr Hbond,0.08909
100Ala 208Lys Hbond,0.07559
207Asp 219Ash Hbond,0.06537
78Asp 106Asn Hbond,0.06267
188Asn 208Lys Hbond,0.06191
102Thr 208Lys Hbond,0.0608
47Lys 100Ala Hbond,0.05745
47Lys 140Glu Saltbr,0.05478
25Asp 228Arg Saltbr,0.05457
190Thr 208Lys Hbond,0.04898
190Thr 209Thr Hbond,0.04664
194Arg 217Thr Hbond,0.04563
101Ile 185Leu Hydrophobic,0.04423
79Tyr 103Tyr Hbond,0.0431
101Ile 188Asn Hbond,0.04209
194Arg 211Thr Hbond,0.04165
194Arg 209Thr Hbond,0.04144
196Arg 207Asp Saltbr,0.04078
79Tyr 106Asn Hbond,0.03949
190Thr 194Arg Hbond,0.03875
191Gly 196Arg Hbond,0.0368
101Ile 181Leu Hydrophobic,0.03588
30Arg 262Phe Hbond,0.03342
218Asn 236Tyr Hbond,0.03275
98Glu 102Thr Hbond,0.03242
100Ala 104Ser Hbond,0.03119
217Thr 248Asp Hbond,0.03118
113Leu 122Leu Hydrophobic,0.03101
102Thr 188Asn Hbond,0.03089
102Thr 190Thr Hbond,0.03043
211Thr 247Arg Hbond,0.02987
164Leu 222Val Hydrophobic,0.02851
209Thr 219Ash Hbond,0.02825
41Pro 218Asn Hbond,0.02768
185Leu 196Arg Hbond,0.02706
257Leu 262Phe Hydrophobic,0.02635
124Ala 128Ser Hbond,0.02595
52Ala 125Phe Hydrophobic,0.02572
106Asn 140Glu Hbond,0.02485
102Thr 189Lys Hbond,0.02417
127Arg 134Thr Hbond,0.02356
211Thr 216Thr Hbond,0.02342
106Asn 110Asn Hbond,0.02305
23Val 262Phe Hydrophobic,0.02291
80Ser 105Asp Hbond,0.02207
24Leu 162Ala Hydrophobic,0.02192
188Asn 209Thr Hbond,0.02182
194Arg 219Ash Hbond,0.02145
55Leu 177Ser Hbond,0.02046
190Thr 196Arg Hbond,0.02042
194Arg 248Asp Saltbr,0.02041
53Ala 57Gln Hbond,0.02013
22Ala 157Pro Hydrophobic,0.0199
116Leu 122Leu Hydrophobic,0.01972
189Lys 192Asp Saltbr,0.01965
258Val 262Phe Hydrophobic,0.0196
214Hie 239Glu Hbond,0.0195
42Met 218Asn Hbond,0.01932
99Ala 108Ala Hydrophobic,0.01929
145Glu 214Hie Hbond,0.01902
186Leu 189Lys Hbond,0.01885
133Val 159Ala Hydrophobic,0.01884
77Val 141Pro Hydrophobic,0.0188
46Phe 109Ala Hydrophobic,0.01869
101Ile 208Lys Hbond,0.01857
49Leu 122Leu Hydrophobic,0.01854
129Ile 166Lys Hbond,0.01841
100Ala 109Ala Hydrophobic,0.01799
125Phe 129Ile Hydrophobic,0.01797
123Thr 127Arg Hbond,0.01769
164Leu 169Leu Hydrophobic,0.01726
32Ile 261Ala Hydrophobic,0.01717
193Lys 248Asp Saltbr,0.01676
113Leu 136Leu Hydrophobic,0.01672
127Arg 131Asp Saltbr,0.0166
188Asn 207Asp Hbond,0.01652
257Leu 261Ala Hydrophobic,0.01628
196Arg 205Val Hbond,0.01599
211Thr 217Thr Hbond,0.01582
198Gly 256Arg Hbond,0.0156
249Ala 252Ala Hydrophobic,0.01554
258Val 261Ala Hydrophobic,0.01552
161Ala 232Val Hydrophobic,0.01515
140Glu 144Asn Hbond,0.01509
102Thr 187Ala Hbond,0.01472
209Thr 218Asn Hbond,0.01436
237Tyr 240Ser Hbond,0.01412
45Thr 236Tyr Hbond,0.01404
83Thr 105Asp Hbond,0.0139
109Ala 113Leu Hydrophobic,0.0139
164Leu 221Ala Hydrophobic,0.0138
48Ala 220Ile Hydrophobic,0.01371
102Thr 184Trp Hbond,0.01343
56Ala 60Gln Hbond,0.01329
46Phe 143Leu Hydrophobic,0.01323
186Leu 196Arg Hbond,0.0132
194Arg 245Glu Saltbr,0.01302
240Ser 247Arg Hbond,0.01272
57Gln 62Lys Hbond,0.01267
59Asp 174Ser Hbond,0.0126
165Arg 169Leu Hbond,0.01243
189Lys 196Arg Hbond,0.01238
197Ala 252Ala Hydrophobic,0.0122
24Leu 230Pro Hydrophobic,0.01199
191Gly 194Arg Hbond,0.01178
2Ala 7Gln Hbond,0.0117
173Leu 178Arg Hbond,0.01167
252Ala 256Arg Hbond,0.01158
11Leu 19Leu Hydrophobic,0.01152
4Leu 261Ala Hydrophobic,0.01142
52Ala 181Leu Hydrophobic,0.0114
27Ala 230Pro Hydrophobic,0.01138
167Leu 178Arg Hbond,0.01136
70Thr 88Gly Hbond,0.01133
8Leu 19Leu Hydrophobic,0.0113
14Arg 253Glu Saltbr,0.01129
2Ala 261Ala Hydrophobic,0.01112
22Ala 161Ala Hydrophobic,0.01104
50Leu 122Leu Hydrophobic,0.01104
195Leu 221Ala Hydrophobic,0.01103
225Pro 230Pro Hydrophobic,0.01096
98Glu 184Trp Hbond,0.01092
46Phe 50Leu Hydrophobic,0.01088
75Asp 107Thr Hbond,0.01074
48Ala 101Ile Hydrophobic,0.01058
32Ile 262Phe Hydrophobic,0.01053
195Leu 252Ala Hydrophobic,0.01053
51Ala 101Ile Hydrophobic,0.01047
180Gln 183Asp Hbond,0.01043
11Leu 250Val Hydrophobic,0.01024
215Gly 247Arg Hbond,0.01013
181Leu 185Leu Hydrophobic,0.01004
18Arg 239Glu Saltbr,0.01
122Leu 125Phe Hydrophobic,0.01
83Thr 107Thr Hbond,0.00985
23Val 258Val Hydrophobic,0.00984
199Leu 205Val Hydrophobic,0.00984
53Ala 116Leu Hydrophobic,0.00982
259Ala 262Phe Hydrophobic,0.00977
19Leu 250Val Hydrophobic,0.00961
169Leu 178Arg Hbond,0.00959
96Leu 111Leu Hydrophobic,0.00956
185Leu 222Val Hydrophobic,0.00952
39Arg 154Thr Hbond,0.00945
53Ala 56Ala Hydrophobic,0.00934
49Leu 125Phe Hydrophobic,0.00927
194Arg 207Asp Saltbr,0.00924
168Leu 185Leu Hydrophobic,0.00895
122Leu 126Leu Hydrophobic,0.00886
168Leu 182Val Hydrophobic,0.00884
4Leu 8Leu Hydrophobic,0.00878
225Pro 229Ala Hydrophobic,0.00873
136Leu 143Leu Hydrophobic,0.00862
188Asn 205Val Hbond,0.00862
4Leu 257Leu Hydrophobic,0.00834
166Lys 171Asp Saltbr,0.00827
24Leu 161Ala Hydrophobic,0.0082
125Phe 167Leu Hydrophobic,0.00818
50Leu 54Val Hydrophobic,0.00815
4Leu 262Phe Hydrophobic,0.0081
174Ser 178Arg Hbond,0.00806
11Leu 254Val Hydrophobic,0.00785
51Ala 55Leu Hydrophobic,0.00777
159Ala 162Ala Hydrophobic,0.00771
25Asp 30Arg Saltbr,0.00767
125Phe 128Ser Hbond,0.00744
58Val 65Leu Hydrophobic,0.00743
141Pro 144Asn Hbond,0.00741
38Glu 156Thr Hbond,0.00739
256Arg 260Glu Saltbr,0.00739
16Gly 240Ser Hbond,0.00737
113Leu 116Leu Hydrophobic,0.0072
52Ala 167Leu Hydrophobic,0.00716
49Leu 53Ala Hydrophobic,0.00708
48Ala 51Ala Hydrophobic,0.00706
137Asp 152Arg Saltbr,0.00705
135Arg 153Asp Saltbr,0.00698
50Leu 109Ala Hydrophobic,0.00696
210Gly 217Thr Hbond,0.00684
39Arg 149Gly Hbond,0.0068
49Leu 167Leu Hydrophobic,0.00678
16Gly 237Tyr Hbond,0.00651
223Ile 258Val Hydrophobic,0.00628
22Ala 33Ala Hydrophobic,0.00622
54Val 116Leu Hydrophobic,0.00621
19Leu 254Val Hydrophobic,0.00613
222Val 231Ile Hydrophobic,0.00613
24Leu 262Phe Hydrophobic,0.00599
21Val 235Val Hydrophobic,0.00598
55Leu 181Leu Hydrophobic,0.00592
109Ala 112Leu Hydrophobic,0.00557
129Ile 172Ala Hydrophobic,0.00557
82Val 99Ala Hydrophobic,0.00553
22Ala 233Val Hydrophobic,0.00548
251Ile 254Val Hydrophobic,0.00547
10Glu 13Lys Saltbr,0.00546
138Arg 145Glu Saltbr,0.00543
4Leu 258Val Hydrophobic,0.00536
119Pro 123Thr Hbond,0.00527
192Asp 196Arg Saltbr,0.00524
164Leu 220Ile Hydrophobic,0.00517
24Leu 232Val Hydrophobic,0.00515
199Leu 259Ala Hydrophobic,0.0051
69Ile 96Leu Hydrophobic,0.00508
246Ala 250Val Hydrophobic,0.00508
54Val 112Leu Hydrophobic,0.00504
7Gln 10Glu Hbond,0.00485
195Leu 233Val Hydrophobic,0.00476
205Val 222Val Hydrophobic,0.00469
82Val 86Hid Hbond,0.00458
216Thr 247Arg Hbond,0.00456
138Arg 153Asp Saltbr,0.00451
30Arg 261Ala Hbond,0.0045
228Arg 262Phe Hbond,0.00448
37Asp 158Arg Saltbr,0.00442
127Arg 133Val Hbond,0.00439
55Leu 65Leu Hydrophobic,0.00435
40Phe 157Pro Hydrophobic,0.00432
126Leu 129Ile Hydrophobic,0.00418
233Val 258Val Hydrophobic,0.00414
22Ala 234Ala Hydrophobic,0.00413
221Ala 232Val Hydrophobic,0.00413
53Ala 122Leu Hydrophobic,0.00409
21Val 157Pro Hydrophobic,0.00406
23Val 233Val Hydrophobic,0.00393
39Arg 133Val Hbond,0.00393
18Arg 38Glu Saltbr,0.00392
70Thr 89Gly Hbond,0.00377
100Ala 108Ala Hydrophobic,0.00372
138Arg 150Asp Saltbr,0.00366
8Leu 254Val Hydrophobic,0.00352
37Asp 156Thr Hbond,0.0034
215Gly 240Ser Hbond,0.00338
55Leu 58Val Hydrophobic,0.00337
151Pro 154Thr Hbond,0.00328
3Ala 7Gln Hbond,0.00322
15Ser 241Gln Hbond,0.00321
164Leu 232Val Hydrophobic,0.00312
54Val 93Val Hydrophobic,0.0031
52Ala 56Ala Hydrophobic,0.00295
31Arg 158Arg Hbond,0.00286
77Val 80Ser Hbond,0.00282
161Ala 234Ala Hydrophobic,0.00279
68Arg 92Thr Hbond,0.00269
56Ala 125Phe Hydrophobic,0.00265
27Ala 229Ala Hydrophobic,0.00256
195Leu 235Val Hydrophobic,0.00256
63Glu 67Arg Saltbr,0.00245
188Asn 196Arg Hbond,0.0023
11Leu 257Leu Hydrophobic,0.00222
182Val 185Leu Hydrophobic,0.00222
235Val 254Val Hydrophobic,0.00208
119Pro 122Leu Hydrophobic,0.00195
138Arg 142Glu Saltbr,0.00193
46Phe 113Leu Hydrophobic,0.00185
131Asp 163Thr Hbond,0.00179
35Arg 38Glu Saltbr,0.00177
223Ile 230Pro Hydrophobic,0.00175
222Val 230Pro Hydrophobic,0.00172
80Ser 107Thr Hbond,0.0017
65Leu 93Val Hydrophobic,0.00156
173Leu 181Leu Hydrophobic,0.0015
127Arg 132Glu Saltbr,0.00148
12Glu 18Arg Saltbr,0.00146
122Leu 136Leu Hydrophobic,0.00142
8Leu 11Leu Hydrophobic,0.00139
96Leu 108Ala Hydrophobic,0.00135
220Ile 234Ala Hydrophobic,0.00133
134Thr 155Thr Hbond,0.00132
93Val 112Leu Hydrophobic,0.00129
169Leu 222Val Hydrophobic,0.00113
225Pro 262Phe Hydrophobic,0.00113
1Ala 7Gln Hbond,0.00109
50Leu 53Ala Hydrophobic,0.00108
129Ile 167Leu Hydrophobic,0.00106
108Ala 111Leu Hydrophobic,0.00094
18Arg 39Arg Hbond,0.00084
65Leu 92Thr Hbond,0.00075
110Asn 140Glu Hbond,0.00072
11Leu 15Ser Hbond,0.00066
164Leu 168Leu Hydrophobic,0.00062
55Leu 173Leu Hydrophobic,0.00058
195Leu 199Leu Hydrophobic,0.00058
4Leu 32Ile Hydrophobic,0.00056
15Ser 237Tyr Hbond,0.0003
52Ala 55Leu Hydrophobic,0.00025
242Ala 247Arg Hbond,0.00024
195Leu 251Ile Hydrophobic,0.00019
41Pro 146Ala Hydrophobic,4e-05
4Leu 23Val Hydrophobic,0.0
5Ser 33Ala Hbond,0.0
8Leu 21Val Hydrophobic,0.0
9Ala 13Lys Hbond,0.0
10Glu 14Arg Saltbr,0.0
12Glu 15Ser Hbond,0.0
12Glu 34Tyr Hbond,0.0
12Glu 35Arg Saltbr,0.0
19Leu 40Phe Hydrophobic,0.0
21Val 32Ile Hydrophobic,0.0
21Val 33Ala Hydrophobic,0.0
22Ala 32Ile Hydrophobic,0.0
23Val 32Ile Hydrophobic,0.0
25Asp 28Thr Hbond,0.0
42Met 45Thr Hbond,0.0
46Phe 49Leu Hydrophobic,0.0
48Ala 52Ala Hydrophobic,0.0
49Leu 52Ala Hydrophobic,0.0
51Ala 54Val Hydrophobic,0.0
54Val 58Val Hydrophobic,0.0
57Gln 60Gln Hbond,0.0
58Val 64Arg Hbond,0.0
65Leu 94Ala Hydrophobic,0.0
68Arg 89Gly Hbond,0.0
68Arg 90Gly Hbond,0.0
69Ile 93Val Hydrophobic,0.0
71Tyr 83Thr Hbond,0.0
71Tyr 86Hid Hbond,0.0
72Ser 75Asp Hbond,0.0
76Leu 87Val Hydrophobic,0.0
80Ser 83Thr Hbond,0.0
81Pro 85Lys Hbond,0.0
8Leu 257Leu Hydrophobic,0.0
86Hid 90Gly Hbond,0.0
92Thr 95Glu Hbond,0.0
93Val 96Leu Hydrophobic,0.0
96Leu 99Ala Hydrophobic,0.0
15Ser 240Ser Hbond,0.0
16Gly 241Gln Hbond,0.0
19Leu 235Val Hydrophobic,0.0
21Val 234Ala Hydrophobic,0.0
21Val 254Val Hydrophobic,0.0
22Ala 232Val Hydrophobic,0.0
23Val 231Ile Hydrophobic,0.0
23Val 232Val Hydrophobic,0.0
24Leu 231Ile Hydrophobic,0.0
26Thr 165Arg Hbond,0.0
26Thr 230Pro Hbond,0.0
36Gly 156Thr Hbond,0.0
36Gly 158Arg Hbond,0.0
39Arg 156Thr Hbond,0.0
45Thr 218Asn Hbond,0.0
46Phe 122Leu Hydrophobic,0.0
46Phe 136Leu Hydrophobic,0.0
48Ala 181Leu Hydrophobic,0.0
49Leu 126Leu Hydrophobic,0.0
50Leu 112Leu Hydrophobic,0.0
50Leu 113Leu Hydrophobic,0.0
50Leu 116Leu Hydrophobic,0.0
51Ala 181Leu Hydrophobic,0.0
52Ala 173Leu Hydrophobic,0.0
53Ala 125Phe Hydrophobic,0.0
56Ala 173Leu Hydrophobic,0.0
57Gln 116Leu Hbond,0.0
59Asp 177Ser Hbond,0.0
69Ile 111Leu Hydrophobic,0.0
96Leu 100Ala Hydrophobic,0.0
96Leu 112Leu Hydrophobic,0.0
100Ala 112Leu Hydrophobic,0.0
108Ala 112Leu Hydrophobic,0.0
111Leu 115Ala Hydrophobic,0.0
112Leu 115Ala Hydrophobic,0.0
112Leu 116Leu Hydrophobic,0.0
113Leu 119Pro Hydrophobic,0.0
116Leu 121Ala Hydrophobic,0.0
119Pro 136Leu Hydrophobic,0.0
120Ala 124Ala Hydrophobic,0.0
120Ala 136Leu Hydrophobic,0.0
121Ala 124Ala Hydrophobic,0.0
121Ala 125Phe Hydrophobic,0.0
123Thr 136Leu Hbond,0.0
130Gly 166Lys Hbond,0.0
131Asp 134Thr Hbond,0.0
157Pro 161Ala Hydrophobic,0.0
157Pro 234Ala Hydrophobic,0.0
159Ala 163Thr Hbond,0.0
161Ala 164Leu Hydrophobic,0.0
162Ala 166Lys Hbond,0.0
164Leu 167Leu Hydrophobic,0.0
164Leu 233Val Hydrophobic,0.0
167Leu 172Ala Hydrophobic,0.0
167Leu 173Leu Hydrophobic,0.0
167Leu 181Leu Hydrophobic,0.0
168Leu 178Arg Hbond,0.0
168Leu 181Leu Hydrophobic,0.0
168Leu 222Val Hydrophobic,0.0
169Leu 230Pro Hydrophobic,0.0
169Leu 232Val Hydrophobic,0.0
170Gly 178Arg Hbond,0.0
171Asp 178Arg Saltbr,0.0
174Ser 177Ser Hbond,0.0
176Ala 180Gln Hbond,0.0
182Val 186Leu Hydrophobic,0.0
185Leu 188Asn Hbond,0.0
186Leu 204Arg Hbond,0.0
186Leu 205Val Hydrophobic,0.0
193Lys 245Glu Saltbr,0.0
195Leu 254Val Hydrophobic,0.0
197Ala 256Arg Hbond,0.0
199Leu 223Ile Hydrophobic,0.0
199Leu 258Val Hydrophobic,0.0
200Pro 259Ala Hydrophobic,0.0
205Val 221Ala Hydrophobic,0.0
205Val 223Ile Hydrophobic,0.0
213Gly 216Thr Hbond,0.0
216Thr 238Thr Hbond,0.0
217Thr 247Arg Hbond,0.0
218Asn 235Val Hbond,0.0
220Ile 233Val Hydrophobic,0.0
221Ala 231Ile Hydrophobic,0.0
221Ala 233Val Hydrophobic,0.0
222Val 232Val Hydrophobic,0.0
223Ile 231Ile Hydrophobic,0.0
223Ile 233Val Hydrophobic,0.0
225Pro 231Ile Hydrophobic,0.0
231Ile 262Phe Hydrophobic,0.0
235Val 251Ile Hydrophobic,0.0
242Ala 246Ala Hydrophobic,0.0
243Asp 247Arg Saltbr,0.0
244Ala 247Arg Hbond,0.0
246Ala 249Ala Hydrophobic,0.0
250Val 254Val Hydrophobic,0.0
253Glu 256Arg Saltbr,0.0
254Val 257Leu Hydrophobic,0.0
254Val 258Val Hydrophobic,0.0
