Feature,Score
138Asp 153Arg Saltbr,-0.6127654287970988
105Ser 209Lys Hbond,0.5342481372367147
111Asn 141Glu Hbond,-0.5156833808917497
135Thr 156Thr Hbond,-0.4945605204093986
141Glu 145Asn Hbond,-0.44822474501290627
132Asp 167Lys Saltbr,0.43164689102461756
48Lys 106Asp Saltbr,0.41985759614190005
46Thr 237Tyr Hbond,-0.41407139948731736
43Met 46Thr Hbond,-0.4081707777552702
47Phe 123Leu Hydrophobic,0.39034384731078986
136Arg 152Glu Saltbr,-0.3888161123885083
189Asp 197Arg Saltbr,-0.3806244001292043
188Ala 209Lys Hbond,-0.3786763490714184
186Met 197Arg Hbond,-0.37835821539502634
142Pro 145Asn Hbond,-0.3738892754588391
47Phe 137Leu Hydrophobic,-0.3669040893759757
189Asp 209Lys Saltbr,-0.36263560696223923
197Arg 208Asp Saltbr,-0.3526571183866334
192Ala 196Leu Hydrophobic,0.34470583424693224
19Val 41Phe Hydrophobic,-0.3372486109640759
195Leu 198Ser Hbond,-0.3329698670631611
196Leu 260Ile Hydrophobic,0.3304825249889145
114Leu 137Leu Hydrophobic,-0.3226815201693808
102Ile 209Lys Hbond,-0.322599071086489
49Val 221Ile Hydrophobic,-0.31976462512181214
136Arg 154Asp Saltbr,-0.3179550910208675
186Met 209Lys Hbond,-0.3066912149920402
126Phe 168Leu Hydrophobic,0.30299487678209464
78Val 142Pro Hydrophobic,-0.3015267327418049
139Arg 153Arg Hbond,-0.2915711063030282
103Thr 188Ala Hbond,-0.2904938117728385
118Gly 121Lys Hbond,0.2881985657157651
107Asn 111Asn Hbond,0.2825076946886826
50Leu 126Phe Hydrophobic,0.2792515129268984
139Arg 146Glu Saltbr,0.2787996393059726
58Arg 122Glu Saltbr,0.27224734115852245
132Asp 135Thr Hbond,-0.2686475963245195
139Arg 151Asp Saltbr,-0.2673859483342648
139Arg 154Asp Saltbr,-0.2671759438182944
47Phe 110Ala Hydrophobic,-0.2634456096328232
112Leu 116Thr Hbond,0.2618223214540275
199Ala 253Ala Hydrophobic,-0.25903540866263663
103Thr 190Lys Hbond,-0.2577865124528903
135Thr 155Thr Hbond,-0.25773379538092533
50Leu 123Leu Hydrophobic,0.2531334643417672
151Asp 155Thr Hbond,0.2477853123720074
111Asn 115Thr Hbond,0.243366520155955
18Arg 40Arg Hbond,0.2407740089263324
48Lys 105Ser Hbond,-0.23685416071830506
4Thr 21Tyr Hbond,0.2357759178636371
120Pro 137Leu Hydrophobic,-0.2332918898302808
47Phe 51Leu Hydrophobic,-0.23236925647272366
8Val 35Phe Hydrophobic,0.23178001795336148
146Glu 153Arg Saltbr,0.23113949402228404
194Pro 249Asn Hbond,-0.22848594558682161
42Pro 237Tyr Hbond,-0.22147472968061124
192Ala 220Ile Hydrophobic,0.219918913687644
18Arg 239Thr Hbond,0.2154700510810522
120Pro 123Leu Hydrophobic,0.2141923529844498
224Leu 260Ile Hydrophobic,0.21358704856356994
48Lys 107Asn Hbond,0.2128081573176853
191Val 210Ser Hbond,-0.21255108729251282
195Leu 199Ala Hydrophobic,-0.2121318585805065
187Glu 197Arg Saltbr,-0.2117860374762414
54Ala 117Ile Hydrophobic,-0.2106847077185453
195Leu 220Ile Hydrophobic,-0.2084904135112044
21Tyr 34Ser Hbond,0.2078277040510044
163Thr 167Lys Hbond,0.2047077340215048
114Leu 123Leu Hydrophobic,-0.20365573805361328
195Leu 253Ala Hydrophobic,0.20132393628722883
221Ile 234Val Hydrophobic,0.19700037810562163
196Leu 252Ile Hydrophobic,-0.19605577837356727
145Asn 214Glh Hbond,0.19468784338982617
130Met 167Lys Hbond,0.1930283322406335
103Thr 185Trp Hbond,-0.19262304001055408
139Arg 143Glu Saltbr,-0.19107812502749316
241Ser 248Arg Hbond,0.1897385791985076
236Ile 252Ile Hydrophobic,0.1892884467376484
40Arg 151Asp Saltbr,0.1853162298451332
51Leu 113Leu Hydrophobic,-0.1852067087882633
201Pro 260Ile Hydrophobic,-0.18493374657789094
47Phe 50Leu Hydrophobic,-0.17639173952294218
50Leu 168Leu Hydrophobic,-0.1745760287847161
196Leu 199Ala Hydrophobic,-0.1744266581981872
199Ala 260Ile Hydrophobic,0.17019718010589846
55Val 113Leu Hydrophobic,0.16827250219743475
127Leu 137Leu Hydrophobic,0.1673637235072419
145Asn 212Ala Hbond,0.1672692382191754
81Ser 108Thr Hbond,0.16296083684003085
198Ser 253Ala Hbond,-0.16290365564735593
64Glu 68Arg Saltbr,-0.16226007791518046
79Glu 107Asn Hbond,0.16078797361628858
139Arg 144Leu Hbond,0.15934010210524863
40Arg 134Val Hbond,-0.1555108110086732
210Ser 219Gly Hbond,-0.15507397711595852
224Leu 259Leu Hydrophobic,-0.15339078587778593
80Tyr 104Met Hbond,-0.1509750701520577
7Lys 251Gln Hbond,-0.15064859059752847
236Ile 255Ile Hydrophobic,0.1483260218456829
220Ile 252Ile Hydrophobic,0.1477965670826728
196Leu 200Leu Hydrophobic,-0.1461414491644687
3Glu 7Lys Saltbr,0.14366761677779277
15Leu 242Gln Hbond,0.14356481803894736
68Arg 116Thr Hbond,-0.14354682842127267
126Phe 173Leu Hydrophobic,0.14115847121543068
255Ile 259Leu Hydrophobic,0.1398598595672881
252Ile 255Ile Hydrophobic,-0.13839643672518198
40Arg 152Glu Saltbr,0.13607940234064442
215Arg 240Gly Hbond,-0.13410687838049667
40Arg 155Thr Hbond,0.13403708768140193
110Ala 113Leu Hydrophobic,0.13347730260825602
196Leu 234Val Hydrophobic,-0.13187899822436747
250Arg 254Glu Saltbr,-0.12951720476619433
211Gly 218Arg Hbond,0.12822002539470884
12Glu 18Arg Saltbr,-0.12567398772889674
210Ser 218Arg Hbond,0.12400384416008145
113Leu 117Ile Hydrophobic,0.12309642533715386
217Ser 239Thr Hbond,0.12151689011840525
207Ala 223Ala Hydrophobic,-0.12123555780560055
55Val 117Ile Hydrophobic,-0.12076852805758934
217Ser 238Thr Hbond,0.11996818443723792
128Hie 135Thr Hbond,-0.11808340135960087
41Phe 158Pro Hydrophobic,0.1175282375269461
183Ile 205Phe Hydrophobic,0.11694673262505163
146Glu 214Glh Hbond,-0.1166703578830303
113Leu 116Thr Hbond,-0.11500083157968329
133Hie 136Arg Hbond,0.1149496959874264
216Gly 241Ser Hbond,0.11459552953496327
26Leu 166Arg Hbond,0.11449626868528123
9Lys 13Asp Saltbr,0.11442605987410565
101Ala 113Leu Hydrophobic,-0.11431805047778337
132Asp 164Thr Hbond,0.1141042229059919
43Met 237Tyr Hbond,-0.11153719761697438
258Ser 262Hie Hbond,-0.11036427846046404
169Leu 183Ile Hydrophobic,-0.10956559711351575
97Leu 109Ala Hydrophobic,0.10911357049339868
99Ser 103Thr Hbond,0.10840671241127099
125Ala 128Hie Hbond,0.10817001541145845
109Ala 112Leu Hydrophobic,-0.10574332854669242
8Val 19Val Hydrophobic,0.1044974311160784
194Pro 253Ala Hydrophobic,0.10413486248547807
2Pro 5Leu Hydrophobic,-0.10343589173725816
238Thr 241Ser Hbond,0.10272778207232586
49Val 165Leu Hydrophobic,-0.10179317608731855
120Pro 124Thr Hbond,-0.09835717571729025
161Met 164Thr Hbond,0.09799149260864547
47Phe 114Leu Hydrophobic,0.0977412346534343
215Arg 239Thr Hbond,-0.09697248220926143
156Thr 237Tyr Hbond,0.09462706927172897
7Lys 254Glu Saltbr,0.09436666333112564
56Leu 178Ser Hbond,0.09322187510295345
147Ala 215Arg Hbond,0.09321860186174576
183Ile 207Ala Hydrophobic,-0.09282342979305201
137Leu 144Leu Hydrophobic,0.09125105503573797
196Leu 222Ala Hydrophobic,0.09011785652325664
196Leu 220Ile Hydrophobic,-0.09005040692479381
169Leu 179Arg Hbond,0.08978494348058529
255Ile 258Ser Hbond,0.08947097398820984
165Leu 233Ile Hydrophobic,0.08892703698542741
5Leu 8Val Hydrophobic,-0.0886621831676033
205Phe 223Ala Hydrophobic,0.08832567782310956
8Val 11Ala Hydrophobic,0.0872348696416873
172Glu 179Arg Saltbr,-0.08594141668969488
51Leu 110Ala Hydrophobic,0.085023205486529
168Leu 182Leu Hydrophobic,0.08481053664058176
78Val 81Ser Hbond,0.08423035814792196
216Gly 248Arg Hbond,-0.08366693609761783
1Hie 262Hie Hbond,0.08365187555438061
199Ala 257Ala Hydrophobic,-0.0831102013505953
101Ala 110Ala Hydrophobic,0.08226804585064201
10Asp 251Gln Hbond,-0.08188671735557858
37Pro 158Pro Hydrophobic,-0.08072589288266037
247Glu 251Gln Hbond,0.08052609197744993
21Tyr 33Glu Hbond,0.0800979221260311
168Leu 174Leu Hydrophobic,-0.0797986677790135
55Val 66Leu Hydrophobic,-0.07979121127017068
196Leu 236Ile Hydrophobic,-0.07963986451383286
54Ala 58Arg Hbond,-0.07910830447185391
168Leu 173Leu Hydrophobic,-0.07892594605747347
44Met 145Asn Hbond,-0.0786121154437576
214Glh 217Ser Hbond,-0.07834624482967222
48Lys 141Glu Saltbr,0.07749993617105254
244Thr 248Arg Hbond,-0.07686348396678908
4Thr 23Glu Hbond,-0.07632672339346147
15Leu 241Ser Hbond,-0.0757688280782263
72Tyr 84Thr Hbond,-0.07570100443629406
165Leu 169Leu Hydrophobic,-0.07526401898868768
220Ile 235Val Hydrophobic,0.07456927518079512
15Leu 19Val Hydrophobic,0.07450051254001905
14Gln 250Arg Hbond,-0.07406041615382697
167Lys 172Glu Saltbr,0.07219108884558983
168Leu 179Arg Hbond,-0.07164285278944293
166Arg 170Thr Hbond,0.07147914650091917
8Val 255Ile Hydrophobic,-0.07123504795399944
83Val 100Ala Hydrophobic,0.06922871645367293
97Leu 100Ala Hydrophobic,-0.06785948447725224
146Glu 215Arg Saltbr,-0.06783762829044054
167Lys 170Thr Hbond,0.06766064368669485
19Val 36Arg Hbond,-0.06704728722225924
12Glu 36Arg Saltbr,-0.0666316823715209
134Val 160Ala Hydrophobic,0.06640571356069419
24Leu 233Ile Hydrophobic,-0.0663693035249678
49Val 102Ile Hydrophobic,-0.06608624586572186
22Ile 159Ala Hydrophobic,0.06584993227807392
25Asp 232Arg Saltbr,0.06562953551139189
162Ala 235Val Hydrophobic,-0.06468445846671925
114Leu 120Pro Hydrophobic,-0.06461232519815181
50Leu 54Ala Hydrophobic,-0.06331600142338256
78Val 108Thr Hbond,-0.06323677480383741
109Ala 113Leu Hydrophobic,-0.06301532973777804
26Leu 169Leu Hydrophobic,0.062235173645441545
22Ile 233Ile Hydrophobic,0.0619305218745803
42Pro 147Ala Hydrophobic,0.06175025102328456
194Pro 198Ser Hbond,-0.061349013618356284
159Ala 162Ala Hydrophobic,0.060916648136751524
207Ala 222Ala Hydrophobic,0.06071908018699079
58Arg 116Thr Hbond,-0.060561283999745606
7Lys 258Ser Hbond,-0.059923548854169256
71Hie 88Leu Hbond,-0.05975352795312977
95Arg 181Gln Hbond,0.05922152366500278
26Leu 230Pro Hydrophobic,0.05902586904490393
165Leu 168Leu Hydrophobic,0.05882498891425423
51Leu 123Leu Hydrophobic,-0.05868311409916281
51Leu 117Ile Hydrophobic,0.05846100833485066
159Ala 163Thr Hbond,-0.058225879241990325
162Ala 233Ile Hydrophobic,0.057341279035070025
47Phe 144Leu Hydrophobic,-0.056952436879206675
97Leu 113Leu Hydrophobic,-0.056849765118489624
23Glu 232Arg Saltbr,0.05649892296255803
54Ala 126Phe Hydrophobic,0.056257063095093506
70Ile 112Leu Hydrophobic,0.05588404915957008
169Leu 182Leu Hydrophobic,-0.05544386403065917
97Leu 101Ala Hydrophobic,-0.055432351934595434
53Gly 57Ser Hbond,0.055114121221072024
171Gly 179Arg Hbond,-0.05464164913327274
165Leu 221Ile Hydrophobic,0.052875124283922395
160Ala 164Thr Hbond,0.05242407265332644
84Thr 106Asp Hbond,-0.05197753820488461
22Ile 234Val Hydrophobic,-0.05179719353722384
5Leu 35Phe Hydrophobic,0.051672488755014935
162Ala 165Leu Hydrophobic,0.05151506457032804
66Leu 93Thr Hbond,-0.05141342730435392
54Ala 123Leu Hydrophobic,-0.051215532935157106
76Asp 111Asn Hbond,0.051171718332691574
70Ile 94Val Hydrophobic,-0.05099566116034634
4Thr 258Ser Hbond,-0.05082273306792306
55Val 59Val Hydrophobic,-0.05073604891707245
152Glu 155Thr Hbond,-0.05041861860624781
22Ile 162Ala Hydrophobic,0.05028704079040577
101Ala 109Ala Hydrophobic,-0.05000006220268151
97Leu 112Leu Hydrophobic,-0.049405779857050254
27Asn 231Ser Hbond,0.048958697621320886
55Val 94Val Hydrophobic,0.047610238460470675
60Asp 175Thr Hbond,0.04749807587206769
158Pro 235Val Hydrophobic,0.04748756297458585
251Gln 254Glu Hbond,-0.04741423311297237
123Leu 137Leu Hydrophobic,-0.04713746241546103
57Ser 173Leu Hbond,-0.046804129863605916
205Phe 230Pro Hydrophobic,-0.0465004923717204
169Leu 223Ala Hydrophobic,0.04607832333378765
193Gly 198Ser Hbond,-0.045691840071110754
5Leu 9Lys Hbond,-0.045208618048596445
95Arg 99Ser Hbond,0.044764948368137464
56Leu 182Leu Hydrophobic,0.04449434131800097
10Asp 14Gln Hbond,0.04448509895064679
26Leu 170Thr Hbond,0.04437187194602377
93Thr 96Glu Hbond,0.043827456337705135
195Leu 252Ile Hydrophobic,-0.04375761339081551
200Leu 205Phe Hydrophobic,-0.041873389713928476
11Ala 19Val Hydrophobic,-0.041809103567075664
123Leu 127Leu Hydrophobic,0.04172670513330645
81Ser 106Asp Hbond,-0.04151143966958766
51Leu 55Val Hydrophobic,0.041222254551946384
80Tyr 107Asn Hbond,0.040694210286715486
22Ile 31Ile Hydrophobic,-0.04064159522209152
121Lys 137Leu Hbond,-0.04032377903419767
223Ala 230Pro Hydrophobic,-0.04029770928962252
169Leu 233Ile Hydrophobic,-0.040197371483009024
206Ile 223Ala Hydrophobic,0.04015932602040029
128Hie 133Hie Hbond,0.040116884082595415
200Leu 260Ile Hydrophobic,0.039447353149399074
218Arg 238Thr Hbond,0.039337245420850014
170Thr 179Arg Hbond,-0.03883091558645432
22Ile 235Val Hydrophobic,0.03816740447481384
102Ile 182Leu Hydrophobic,-0.03794770710846485
172Glu 175Thr Hbond,0.03785380952687807
71Hie 90Asp Hbond,-0.03769423057260309
206Ile 222Ala Hydrophobic,-0.03766993501656159
174Leu 182Leu Hydrophobic,-0.03766640868203914
56Leu 66Leu Hydrophobic,0.03760665800438845
65Gln 68Arg Hbond,0.03747764696861327
220Ile 236Ile Hydrophobic,0.03745539243410473
165Leu 222Ala Hydrophobic,-0.03733914388536624
25Asp 30Lys Saltbr,0.03723500683542338
18Arg 238Thr Hbond,0.03713828399424422
226Pro 229Lys Hbond,0.03707018215340813
14Gln 251Gln Hbond,-0.03694545921365844
69Arg 90Asp Saltbr,-0.03690530232782345
221Ile 235Val Hydrophobic,0.036897248275617106
177Ala 181Gln Hbond,0.036885682782471944
181Gln 184Asp Hbond,0.036738918342420386
222Ala 234Val Hydrophobic,-0.03650978482418673
56Leu 59Val Hydrophobic,0.036201135837708044
174Leu 179Arg Hbond,-0.035291586039621084
25Asp 28Ser Hbond,-0.034355204055816546
246Asp 249Asn Hbond,-0.033901724161695374
60Asp 178Ser Hbond,0.03382344817868703
24Leu 162Ala Hydrophobic,0.0335388293309539
9Lys 12Glu Saltbr,-0.03327778177479728
117Ile 123Leu Hydrophobic,-0.03327365670901465
50Leu 127Leu Hydrophobic,-0.03305689450197659
207Ala 221Ile Hydrophobic,0.03279581110468147
112Leu 115Thr Hbond,-0.03200500663963122
100Ala 109Ala Hydrophobic,0.031451694446268816
22Ile 158Pro Hydrophobic,-0.030785398406342004
49Val 168Leu Hydrophobic,0.030725360237587686
3Glu 258Ser Hbond,0.030702445050067945
58Arg 63Gln Hbond,0.030194263713553014
54Ala 57Ser Hbond,-0.029420916698242677
99Ser 185Trp Hbond,-0.029068906792018175
191Val 194Pro Hydrophobic,-0.028341447343969026
232Arg 263Trp Hbond,0.028125373044107012
124Thr 137Leu Hbond,-0.028044348890598366
59Val 66Leu Hydrophobic,-0.027907190006601326
16Gly 242Gln Hbond,-0.027840606020866354
196Leu 206Ile Hydrophobic,-0.027706228220846445
73Ser 76Asp Hbond,0.027414425387268897
200Leu 206Ile Hydrophobic,-0.026937264750561216
11Ala 15Leu Hydrophobic,-0.026674371646264187
7Lys 10Asp Saltbr,-0.02563902353764739
96Glu 99Ser Hbond,0.025414405570915843
51Leu 54Ala Hydrophobic,0.024969510774141147
193Gly 197Arg Hbond,-0.02486879442555225
51Leu 114Leu Hydrophobic,-0.024793095533109853
2Pro 6Val Hydrophobic,-0.024634120988027388
200Leu 224Leu Hydrophobic,0.023897264723923867
71Hie 89Thr Hbond,-0.023816191259503114
218Arg 249Asn Hbond,0.023636699656570646
77Leu 88Leu Hydrophobic,0.023557194795036086
94Val 113Leu Hydrophobic,0.023236175591845147
197Arg 206Ile Hbond,-0.022594992470349896
68Arg 93Thr Hbond,0.022400631192917925
253Ala 257Ala Hydrophobic,0.02185434320062968
69Arg 91Gly Hbond,-0.02158668528604495
29Gly 166Arg Hbond,-0.021506277825539568
19Val 236Ile Hydrophobic,-0.02128870549501722
56Leu 174Leu Hydrophobic,-0.02083321717997875
87Hid 90Asp Hbond,-0.019973203399677158
180Gln 184Asp Hbond,-0.0195773405099723
245Met 249Asn Hbond,-0.01955960468217037
58Arg 117Ile Hbond,0.01886439285016164
205Phe 224Leu Hydrophobic,0.018280959986416344
131Gly 167Lys Hbond,0.017921059349391553
94Val 97Leu Hydrophobic,-0.01781447007579867
158Pro 162Ala Hydrophobic,-0.01780148726368725
177Ala 180Gln Hbond,-0.017584062955478413
126Phe 129Asn Hbond,0.017321394081674667
257Ala 260Ile Hydrophobic,0.016820518832733677
222Ala 233Ile Hydrophobic,-0.016252643823257334
175Thr 179Arg Hbond,0.01585971128110605
192Ala 195Leu Hydrophobic,-0.015730426495729605
3Glu 262Hie Hbond,0.015335120713934135
244Thr 247Glu Hbond,-0.015133099111844572
196Leu 224Leu Hydrophobic,0.015116478671363844
121Lys 138Asp Saltbr,-0.014826654164539918
66Leu 94Val Hydrophobic,-0.014668263796042347
234Val 259Leu Hydrophobic,-0.014368486721712872
82Pro 86Lys Hbond,-0.013705745807658239
121Lys 124Thr Hbond,-0.013655674350706264
101Ala 105Ser Hbond,0.013273324156881873
130Met 164Thr Hbond,0.013233001507604045
110Ala 114Leu Hydrophobic,0.012738601777245577
58Arg 64Glu Saltbr,-0.012597327463874453
74Gln 88Leu Hbond,-0.012522108045697653
72Tyr 87Hid Hbond,-0.012051131612353829
114Leu 117Ile Hydrophobic,0.011133945526588033
220Ile 234Val Hydrophobic,0.011103695738958525
26Leu 233Ile Hydrophobic,-0.011015637319748943
1Hie 4Thr Hbond,-0.01099072164090406
223Ala 233Ile Hydrophobic,0.010791977875727506
11Ala 255Ile Hydrophobic,0.01036195707252124
175Thr 178Ser Hbond,-0.009722736919962381
246Asp 250Arg Saltbr,-0.008896008102650281
37Pro 159Ala Hydrophobic,-0.008628578049904209
19Val 35Phe Hydrophobic,-0.008427369866098173
206Ile 224Leu Hydrophobic,-0.008323528504242587
15Leu 243Ala Hydrophobic,0.008084521304405564
62Gly 65Gln Hbond,-0.007937302348091885
176Leu 180Gln Hbond,0.007860550040530101
70Ile 97Leu Hydrophobic,0.007819064111974645
160Ala 163Thr Hbond,-0.0077245508048082
83Val 87Hid Hbond,-0.007559408588195994
23Glu 30Lys Saltbr,0.007450245156644243
69Arg 93Thr Hbond,-0.00739868126012615
125Ala 129Asn Hbond,-0.007141603120300074
123Leu 126Phe Hydrophobic,-0.006525717762396996
24Leu 32Leu Hydrophobic,-0.006030923594915614
87Hid 91Gly Hbond,-0.0059787229279158055
25Asp 166Arg Saltbr,0.005641332373422473
224Leu 230Pro Hydrophobic,0.0054357023649778775
36Arg 39Glu Saltbr,0.004658469039580353
64Glu 116Thr Hbond,-0.004428793724844924
49Val 182Leu Hydrophobic,-0.004283782176574819
243Ala 248Arg Hbond,-0.003941019131794338
67Gly 93Thr Hbond,-0.003828108172728728
102Ile 105Ser Hbond,0.003664570477789129
247Glu 250Arg Saltbr,-0.0031770584635829164
257Ala 261Lys Hbond,-0.0031436561133073287
254Glu 258Ser Hbond,-0.0027032729322024867
27Asn 166Arg Hbond,0.0024487099785142213
165Leu 235Val Hydrophobic,0.0019344686447384668
196Leu 253Ala Hydrophobic,-0.0018919425163895507
24Leu 31Ile Hydrophobic,-0.0012978313859184686
14Gln 247Glu Hbond,0.0010288959600483522
18Arg 39Glu Saltbr,0.0007281366679651401
22Ile 37Pro Hydrophobic,0.00044717503542548157
224Leu 234Val Hydrophobic,0.00020898183466683287
