Feature,Score
141Glu 145Asn Hbond,0.41225
145Asn 212Ala Hbond,0.39455
138Asp 153Arg Saltbr,0.33508
105Ser 209Lys Hbond,0.23364
103Thr 190Lys Hbond,0.21921
142Pro 145Asn Hbond,0.20724
47Phe 110Ala Hydrophobic,0.18599
192Ala 196Leu Hydrophobic,0.17431
186Met 197Arg Hbond,0.16112
139Arg 151Asp Saltbr,0.15889
48Lys 141Glu Saltbr,0.15758
48Lys 106Asp Saltbr,0.15626
111Asn 141Glu Hbond,0.15335
136Arg 152Glu Saltbr,0.15015
135Thr 156Thr Hbond,0.14596
44Met 145Asn Hbond,0.14486
145Asn 214Glh Hbond,0.13875
194Pro 249Asn Hbond,0.13078
78Val 142Pro Hydrophobic,0.12743
114Leu 137Leu Hydrophobic,0.11929
46Thr 237Tyr Hbond,0.11651
47Phe 123Leu Hydrophobic,0.11319
188Ala 209Lys Hbond,0.11236
47Phe 137Leu Hydrophobic,0.11109
187Glu 197Arg Saltbr,0.10555
199Ala 253Ala Hydrophobic,0.10552
197Arg 208Asp Saltbr,0.10478
189Asp 197Arg Saltbr,0.10455
19Val 41Phe Hydrophobic,0.10393
49Val 221Ile Hydrophobic,0.10195
132Asp 167Lys Saltbr,0.09793
189Asp 209Lys Saltbr,0.09785
139Arg 146Glu Saltbr,0.09632
102Ile 105Ser Hbond,0.09124
193Gly 198Ser Hbond,0.09113
43Met 237Tyr Hbond,0.09026
198Ser 253Ala Hbond,0.0897
139Arg 154Asp Saltbr,0.0875
43Met 46Thr Hbond,0.08665
136Arg 154Asp Saltbr,0.08638
195Leu 199Ala Hydrophobic,0.08538
186Met 209Lys Hbond,0.08345
191Val 210Ser Hbond,0.08188
126Phe 168Leu Hydrophobic,0.07953
224Leu 259Leu Hydrophobic,0.07952
192Ala 220Ile Hydrophobic,0.07916
139Arg 153Arg Hbond,0.07608
48Lys 105Ser Hbond,0.0744
194Pro 253Ala Hydrophobic,0.07316
196Leu 253Ala Hydrophobic,0.07284
156Thr 237Tyr Hbond,0.0706
195Leu 198Ser Hbond,0.07028
132Asp 135Thr Hbond,0.06816
42Pro 237Tyr Hbond,0.06745
137Leu 144Leu Hydrophobic,0.06664
102Ile 209Lys Hbond,0.06501
103Thr 188Ala Hbond,0.06435
135Thr 155Thr Hbond,0.06346
107Asn 111Asn Hbond,0.06219
50Leu 126Phe Hydrophobic,0.06022
146Glu 153Arg Saltbr,0.0593
193Gly 197Arg Hbond,0.05892
192Ala 195Leu Hydrophobic,0.05577
196Leu 252Ile Hydrophobic,0.05499
18Arg 239Thr Hbond,0.0528
111Asn 115Thr Hbond,0.05141
195Leu 220Ile Hydrophobic,0.05054
217Ser 239Thr Hbond,0.05019
103Thr 185Trp Hbond,0.04991
191Val 194Pro Hydrophobic,0.04973
48Lys 107Asn Hbond,0.04822
114Leu 123Leu Hydrophobic,0.04751
49Val 165Leu Hydrophobic,0.0451
194Pro 198Ser Hbond,0.04491
118Gly 121Lys Hbond,0.04472
18Arg 40Arg Hbond,0.04377
196Leu 199Ala Hydrophobic,0.04373
134Val 160Ala Hydrophobic,0.04364
196Leu 260Ile Hydrophobic,0.04343
12Glu 18Arg Saltbr,0.04321
47Phe 51Leu Hydrophobic,0.04319
127Leu 137Leu Hydrophobic,0.04276
8Val 35Phe Hydrophobic,0.0427
120Pro 137Leu Hydrophobic,0.04226
50Leu 123Leu Hydrophobic,0.04217
40Arg 151Asp Saltbr,0.04177
112Leu 116Thr Hbond,0.04136
201Pro 260Ile Hydrophobic,0.04136
146Glu 215Arg Saltbr,0.0409
21Tyr 34Ser Hbond,0.04045
58Arg 122Glu Saltbr,0.03772
247Glu 251Gln Hbond,0.0369
132Asp 164Thr Hbond,0.03662
7Lys 251Gln Hbond,0.03568
81Ser 108Thr Hbond,0.03478
146Glu 214Glh Hbond,0.03453
18Arg 39Glu Saltbr,0.03434
120Pro 123Leu Hydrophobic,0.03425
47Phe 144Leu Hydrophobic,0.03402
110Ala 114Leu Hydrophobic,0.03389
40Arg 152Glu Saltbr,0.03335
217Ser 238Thr Hbond,0.03305
3Glu 258Ser Hbond,0.03141
68Arg 116Thr Hbond,0.03136
151Asp 155Thr Hbond,0.0308
64Glu 68Arg Saltbr,0.03073
40Arg 155Thr Hbond,0.03044
4Thr 23Glu Hbond,0.03003
55Val 117Ile Hydrophobic,0.02945
128Hie 135Thr Hbond,0.02942
147Ala 215Arg Hbond,0.02908
163Thr 167Lys Hbond,0.02892
58Arg 116Thr Hbond,0.02891
54Ala 117Ile Hydrophobic,0.02828
221Ile 234Val Hydrophobic,0.02821
255Ile 259Leu Hydrophobic,0.02795
196Leu 200Leu Hydrophobic,0.02748
241Ser 248Arg Hbond,0.02748
76Asp 111Asn Hbond,0.02678
15Leu 242Gln Hbond,0.02597
196Leu 234Val Hydrophobic,0.02455
19Val 36Arg Hbond,0.02436
47Phe 114Leu Hydrophobic,0.0243
79Glu 107Asn Hbond,0.02409
4Thr 21Tyr Hbond,0.02407
183Ile 205Phe Hydrophobic,0.02365
176Leu 180Gln Hbond,0.0231
99Ser 103Thr Hbond,0.02309
250Arg 254Glu Saltbr,0.02272
165Leu 235Val Hydrophobic,0.02266
215Arg 239Thr Hbond,0.02258
180Gln 184Asp Hbond,0.02244
133Hie 136Arg Hbond,0.02224
1Hie 262Hie Hbond,0.02213
172Glu 179Arg Saltbr,0.02192
21Tyr 33Glu Hbond,0.02179
50Leu 168Leu Hydrophobic,0.02178
224Leu 260Ile Hydrophobic,0.02168
131Gly 167Lys Hbond,0.02116
15Leu 241Ser Hbond,0.02111
124Thr 137Leu Hbond,0.02095
207Ala 223Ala Hydrophobic,0.02075
123Leu 137Leu Hydrophobic,0.02063
12Glu 36Arg Saltbr,0.02056
10Asp 251Gln Hbond,0.02024
36Arg 39Glu Saltbr,0.02009
59Val 66Leu Hydrophobic,0.01991
210Ser 219Gly Hbond,0.01981
128Hie 133Hie Hbond,0.01897
166Arg 170Thr Hbond,0.01877
126Phe 173Leu Hydrophobic,0.01863
113Leu 116Thr Hbond,0.01861
210Ser 218Arg Hbond,0.01849
87Hid 90Asp Hbond,0.01844
47Phe 50Leu Hydrophobic,0.01821
158Pro 162Ala Hydrophobic,0.01815
7Lys 254Glu Saltbr,0.01804
195Leu 253Ala Hydrophobic,0.01793
165Leu 222Ala Hydrophobic,0.01782
14Gln 247Glu Hbond,0.01774
64Glu 116Thr Hbond,0.0176
97Leu 112Leu Hydrophobic,0.01695
160Ala 164Thr Hbond,0.01682
169Leu 182Leu Hydrophobic,0.01671
216Gly 241Ser Hbond,0.01668
183Ile 207Ala Hydrophobic,0.01659
50Leu 127Leu Hydrophobic,0.01657
165Leu 169Leu Hydrophobic,0.01625
238Thr 241Ser Hbond,0.01615
1Hie 4Thr Hbond,0.01592
126Phe 129Asn Hbond,0.01573
40Arg 134Val Hbond,0.0157
4Thr 258Ser Hbond,0.01553
255Ile 258Ser Hbond,0.01533
97Leu 100Ala Hydrophobic,0.01526
121Lys 138Asp Saltbr,0.01519
78Val 81Ser Hbond,0.01512
139Arg 144Leu Hbond,0.01494
26Leu 166Arg Hbond,0.01472
99Ser 185Trp Hbond,0.01472
162Ala 233Ile Hydrophobic,0.01441
113Leu 117Ile Hydrophobic,0.01439
2Pro 5Leu Hydrophobic,0.01435
160Ala 163Thr Hbond,0.01434
51Leu 54Ala Hydrophobic,0.01432
205Phe 230Pro Hydrophobic,0.01418
80Tyr 107Asn Hbond,0.0141
49Val 102Ile Hydrophobic,0.01401
167Lys 172Glu Saltbr,0.01397
101Ala 105Ser Hbond,0.01372
23Glu 232Arg Saltbr,0.01366
236Ile 255Ile Hydrophobic,0.01335
24Leu 233Ile Hydrophobic,0.01327
72Tyr 87Hid Hbond,0.01313
54Ala 123Leu Hydrophobic,0.01313
94Val 97Leu Hydrophobic,0.01311
9Lys 12Glu Saltbr,0.01308
220Ile 252Ile Hydrophobic,0.01307
60Asp 178Ser Hbond,0.01304
41Phe 158Pro Hydrophobic,0.01294
196Leu 222Ala Hydrophobic,0.01294
58Arg 63Gln Hbond,0.01289
19Val 236Ile Hydrophobic,0.01279
139Arg 143Glu Saltbr,0.01273
152Glu 155Thr Hbond,0.01262
162Ala 165Leu Hydrophobic,0.01243
57Ser 173Leu Hbond,0.01226
3Glu 7Lys Saltbr,0.01217
8Val 255Ile Hydrophobic,0.01213
68Arg 93Thr Hbond,0.012
9Lys 13Asp Saltbr,0.01193
247Glu 250Arg Saltbr,0.01188
16Gly 242Gln Hbond,0.01182
55Val 59Val Hydrophobic,0.01181
3Glu 262Hie Hbond,0.01163
5Leu 9Lys Hbond,0.01157
206Ile 222Ala Hydrophobic,0.0114
54Ala 126Phe Hydrophobic,0.01129
60Asp 175Thr Hbond,0.01117
42Pro 147Ala Hydrophobic,0.01104
51Leu 55Val Hydrophobic,0.01086
18Arg 238Thr Hbond,0.0107
196Leu 236Ile Hydrophobic,0.0107
236Ile 252Ile Hydrophobic,0.01046
114Leu 117Ile Hydrophobic,0.00995
97Leu 113Leu Hydrophobic,0.00989
54Ala 57Ser Hbond,0.0097
169Leu 183Ile Hydrophobic,0.00952
205Phe 223Ala Hydrophobic,0.00951
25Asp 30Lys Saltbr,0.00949
101Ala 110Ala Hydrophobic,0.00949
109Ala 113Leu Hydrophobic,0.00949
130Met 167Lys Hbond,0.00929
168Leu 174Leu Hydrophobic,0.00909
14Gln 251Gln Hbond,0.00905
196Leu 220Ile Hydrophobic,0.00898
223Ala 230Pro Hydrophobic,0.00895
253Ala 257Ala Hydrophobic,0.00895
258Ser 262Hie Hbond,0.00879
56Leu 178Ser Hbond,0.00872
125Ala 128Hie Hbond,0.00869
14Gln 250Arg Hbond,0.00854
109Ala 112Leu Hydrophobic,0.00853
15Leu 19Val Hydrophobic,0.00851
65Gln 68Arg Hbond,0.00839
110Ala 113Leu Hydrophobic,0.00836
167Lys 170Thr Hbond,0.00829
27Asn 231Ser Hbond,0.00809
114Leu 120Pro Hydrophobic,0.00805
254Glu 258Ser Hbond,0.00775
23Glu 30Lys Saltbr,0.00774
207Ala 221Ile Hydrophobic,0.00773
120Pro 124Thr Hbond,0.00766
50Leu 54Ala Hydrophobic,0.00748
215Arg 240Gly Hbond,0.00727
218Arg 238Thr Hbond,0.00727
55Val 113Leu Hydrophobic,0.00726
206Ile 223Ala Hydrophobic,0.00723
8Val 11Ala Hydrophobic,0.00711
51Leu 123Leu Hydrophobic,0.00705
77Leu 88Leu Hydrophobic,0.00702
58Arg 64Glu Saltbr,0.00689
22Ile 158Pro Hydrophobic,0.00687
100Ala 109Ala Hydrophobic,0.00679
170Thr 179Arg Hbond,0.00665
49Val 182Leu Hydrophobic,0.00664
174Leu 179Arg Hbond,0.00661
51Leu 113Leu Hydrophobic,0.00658
197Arg 206Ile Hbond,0.00637
199Ala 260Ile Hydrophobic,0.00637
172Glu 175Thr Hbond,0.00627
51Leu 117Ile Hydrophobic,0.00622
207Ala 222Ala Hydrophobic,0.0061
10Asp 14Gln Hbond,0.00601
169Leu 233Ile Hydrophobic,0.00582
25Asp 28Ser Hbond,0.00581
220Ile 234Val Hydrophobic,0.00566
83Val 87Hid Hbond,0.00553
72Tyr 84Thr Hbond,0.00538
27Asn 166Arg Hbond,0.00529
84Thr 106Asp Hbond,0.00506
37Pro 159Ala Hydrophobic,0.00502
55Val 94Val Hydrophobic,0.00499
55Val 66Leu Hydrophobic,0.00495
244Thr 247Glu Hbond,0.00484
15Leu 243Ala Hydrophobic,0.00482
66Leu 94Val Hydrophobic,0.00471
22Ile 159Ala Hydrophobic,0.0046
158Pro 235Val Hydrophobic,0.00431
245Met 249Asn Hbond,0.00425
168Leu 173Leu Hydrophobic,0.00422
162Ala 235Val Hydrophobic,0.00416
232Arg 263Trp Hbond,0.00415
56Leu 174Leu Hydrophobic,0.00404
26Leu 230Pro Hydrophobic,0.00393
218Arg 249Asn Hbond,0.00389
252Ile 255Ile Hydrophobic,0.00388
171Gly 179Arg Hbond,0.00384
5Leu 8Val Hydrophobic,0.00376
70Ile 112Leu Hydrophobic,0.00345
22Ile 31Ile Hydrophobic,0.00339
5Leu 35Phe Hydrophobic,0.00316
123Leu 126Phe Hydrophobic,0.00302
71Hie 88Leu Hbond,0.003
24Leu 32Leu Hydrophobic,0.00289
251Gln 254Glu Hbond,0.00278
58Arg 117Ile Hbond,0.00276
195Leu 252Ile Hydrophobic,0.00276
97Leu 109Ala Hydrophobic,0.00255
243Ala 248Arg Hbond,0.00252
51Leu 110Ala Hydrophobic,0.00246
121Lys 137Leu Hbond,0.00209
8Val 19Val Hydrophobic,0.00187
246Asp 250Arg Saltbr,0.00183
102Ile 182Leu Hydrophobic,0.00163
78Val 108Thr Hbond,0.0015
22Ile 37Pro Hydrophobic,0.00137
7Lys 10Asp Saltbr,0.00134
130Met 164Thr Hbond,0.00127
234Val 259Leu Hydrophobic,0.00127
95Arg 181Gln Hbond,0.00119
54Ala 58Arg Hbond,0.00104
216Gly 248Arg Hbond,0.00103
200Leu 224Leu Hydrophobic,0.00099
80Tyr 104Met Hbond,0.00093
66Leu 93Thr Hbond,0.0009
101Ala 113Leu Hydrophobic,0.00085
177Ala 180Gln Hbond,0.00085
222Ala 233Ile Hydrophobic,0.00079
200Leu 206Ile Hydrophobic,0.00063
69Arg 93Thr Hbond,0.00049
56Leu 59Val Hydrophobic,0.00042
196Leu 224Leu Hydrophobic,0.00029
246Asp 249Asn Hbond,0.00023
53Gly 57Ser Hbond,0.00012
29Gly 166Arg Hbond,6e-05
2Pro 6Val Hydrophobic,0.0
11Ala 15Leu Hydrophobic,0.0
11Ala 19Val Hydrophobic,0.0
19Val 35Phe Hydrophobic,0.0
24Leu 31Ile Hydrophobic,0.0
56Leu 66Leu Hydrophobic,0.0
62Gly 65Gln Hbond,0.0
67Gly 93Thr Hbond,0.0
69Arg 90Asp Saltbr,0.0
69Arg 91Gly Hbond,0.0
70Ile 94Val Hydrophobic,0.0
70Ile 97Leu Hydrophobic,0.0
71Hie 89Thr Hbond,0.0
71Hie 90Asp Hbond,0.0
7Lys 258Ser Hbond,0.0
73Ser 76Asp Hbond,0.0
74Gln 88Leu Hbond,0.0
82Pro 86Lys Hbond,0.0
87Hid 91Gly Hbond,0.0
93Thr 96Glu Hbond,0.0
95Arg 99Ser Hbond,0.0
96Glu 99Ser Hbond,0.0
11Ala 255Ile Hydrophobic,0.0
22Ile 162Ala Hydrophobic,0.0
22Ile 233Ile Hydrophobic,0.0
22Ile 234Val Hydrophobic,0.0
22Ile 235Val Hydrophobic,0.0
24Leu 162Ala Hydrophobic,0.0
25Asp 166Arg Saltbr,0.0
25Asp 232Arg Saltbr,0.0
26Leu 169Leu Hydrophobic,0.0
26Leu 170Thr Hbond,0.0
26Leu 233Ile Hydrophobic,0.0
37Pro 158Pro Hydrophobic,0.0
49Val 168Leu Hydrophobic,0.0
51Leu 114Leu Hydrophobic,0.0
56Leu 182Leu Hydrophobic,0.0
81Ser 106Asp Hbond,0.0
83Val 100Ala Hydrophobic,0.0
94Val 113Leu Hydrophobic,0.0
97Leu 101Ala Hydrophobic,0.0
101Ala 109Ala Hydrophobic,0.0
112Leu 115Thr Hbond,0.0
117Ile 123Leu Hydrophobic,0.0
121Lys 124Thr Hbond,0.0
123Leu 127Leu Hydrophobic,0.0
125Ala 129Asn Hbond,0.0
159Ala 162Ala Hydrophobic,0.0
159Ala 163Thr Hbond,0.0
161Met 164Thr Hbond,0.0
165Leu 168Leu Hydrophobic,0.0
165Leu 221Ile Hydrophobic,0.0
165Leu 233Ile Hydrophobic,0.0
168Leu 179Arg Hbond,0.0
168Leu 182Leu Hydrophobic,0.0
169Leu 179Arg Hbond,0.0
169Leu 223Ala Hydrophobic,0.0
174Leu 182Leu Hydrophobic,0.0
175Thr 178Ser Hbond,0.0
175Thr 179Arg Hbond,0.0
177Ala 181Gln Hbond,0.0
181Gln 184Asp Hbond,0.0
196Leu 206Ile Hydrophobic,0.0
199Ala 257Ala Hydrophobic,0.0
200Leu 205Phe Hydrophobic,0.0
200Leu 260Ile Hydrophobic,0.0
205Phe 224Leu Hydrophobic,0.0
206Ile 224Leu Hydrophobic,0.0
211Gly 218Arg Hbond,0.0
214Glh 217Ser Hbond,0.0
220Ile 235Val Hydrophobic,0.0
220Ile 236Ile Hydrophobic,0.0
221Ile 235Val Hydrophobic,0.0
222Ala 234Val Hydrophobic,0.0
223Ala 233Ile Hydrophobic,0.0
224Leu 230Pro Hydrophobic,0.0
224Leu 234Val Hydrophobic,0.0
226Pro 229Lys Hbond,0.0
244Thr 248Arg Hbond,0.0
257Ala 260Ile Hydrophobic,0.0
257Ala 261Lys Hbond,0.0
