Feature,Score
48Lys 105Ser Hbond,-0.5839352582769832
145Asn 214Glu Hbond,-0.5305232858730734
80Tyr 107Asn Hbond,-0.3731395721131322
19Arg 40Arg Hbond,-0.33637068551172583
79Glu 107Asn Hbond,-0.328490469882968
103Thr 185Trp Hbond,0.32221910379066776
147Ala 215Arg Hbond,-0.31200140179083674
145Asn 212Ala Hbond,-0.31141402150819286
43Met 46Thr Hbond,-0.30824643337564156
141Glu 145Asn Hbond,-0.3030553476300335
144Leu 147Ala Hydrophobic,0.2855988250530668
40Arg 134Val Hbond,-0.2842622950002044
139Arg 146Glu Saltbr,0.2842008892188208
152Glu 155Thr Hbond,-0.27897326251319177
168Leu 174Leu Hydrophobic,0.27680508683396726
139Arg 154Asp Saltbr,-0.27525453684383006
215Arg 240Glu Saltbr,0.27516987556603545
103Thr 209Lys Hbond,-0.271736489367866
57Ala 173Ile Hydrophobic,0.26601386466488736
103Thr 190Lys Hbond,-0.26432950051876386
102Ile 209Lys Hbond,-0.2620321108835973
36Arg 39Glu Saltbr,-0.26140817363491714
146Glu 215Arg Saltbr,-0.24013268093219753
47Phe 51Leu Hydrophobic,-0.23947978740347045
44Met 145Asn Hbond,-0.23765849231383562
107Asn 141Glu Hbond,-0.23705737336537186
48Lys 107Asn Hbond,-0.23189012033779346
138Asp 153Arg Saltbr,-0.2287838085415053
20Val 41Phe Hydrophobic,-0.22734554253934347
46Thr 237Tyr Hbond,-0.21939916455647637
40Arg 151Asp Saltbr,0.21234639644383058
48Lys 106Asp Saltbr,0.2038275733384726
80Tyr 104Met Hbond,-0.20284330259439406
81Ser 108Thr Hbond,-0.19616991294134178
183Ile 205Phe Hydrophobic,0.190542555801183
47Phe 114Leu Hydrophobic,-0.18952637832254648
190Lys 197Arg Hbond,0.18649077767697692
187Val 207Ala Hydrophobic,0.18639666938582294
104Met 190Lys Hbond,-0.18304521825487027
42Pro 147Ala Hydrophobic,-0.1820898738612152
40Arg 155Thr Hbond,-0.1814503635032107
192Ala 195Leu Hydrophobic,0.1809784549952284
27Leu 169Leu Hydrophobic,0.17905773633832398
23Val 158Pro Hydrophobic,-0.17893556544097547
81Ser 106Asp Hbond,-0.17727343105949986
47Phe 137Leu Hydrophobic,-0.17656078900496341
41Phe 238Leu Hydrophobic,0.17556485506583822
214Glu 217Ser Hbond,-0.17462623928956425
169Leu 179Arg Hbond,0.17285284775296605
142Thr 145Asn Hbond,0.16879423922402545
132Asp 135Thr Hbond,-0.16830060681417935
216Gly 241Thr Hbond,-0.16617030654124143
215Arg 239Thr Hbond,0.16564227369909687
117Ile 126Phe Hydrophobic,0.16401600285773554
27Leu 170Thr Hbond,0.16319702555266005
136Arg 152Glu Saltbr,-0.16242292358373162
146Glu 153Arg Saltbr,0.16005380898944907
197Arg 206Ile Hbond,0.15909688134035976
47Phe 123Leu Hydrophobic,-0.15815859342949498
171Gly 179Arg Hbond,-0.15683938203194053
130Ile 173Ile Hydrophobic,-0.15548088997489506
210Thr 218Arg Hbond,0.1543194054891779
137Leu 144Leu Hydrophobic,0.15191010134138136
148Leu 215Arg Hbond,-0.1492918122585554
165Leu 221Ile Hydrophobic,-0.14915547806243415
217Ser 239Thr Hbond,-0.1484574269729521
159Ala 163Ala Hydrophobic,0.14773379271866233
193Gly 198Ser Hbond,0.1434189976720265
50Leu 126Phe Hydrophobic,-0.14302027133107362
50Leu 165Leu Hydrophobic,0.14162468649334622
190Lys 208Asp Saltbr,0.141344784834768
187Val 206Ile Hydrophobic,0.13807661458079776
99Ala 102Ile Hydrophobic,-0.13719805403054086
132Asp 164Thr Hbond,-0.13657837925369415
24Glu 32Thr Hbond,0.13283355859732288
51Leu 110Ala Hydrophobic,-0.12830854964760002
195Leu 199Val Hydrophobic,0.12746058773641217
83Val 100Ala Hydrophobic,-0.12692966661595317
19Arg 240Glu Saltbr,-0.12505451303389487
142Thr 146Glu Hbond,0.12315681265233669
99Ala 103Thr Hbond,-0.11596942912866083
101Ala 105Ser Hbond,-0.11588570016280413
192Ala 196Leu Hydrophobic,0.11553913300430439
68Arg 116Thr Hbond,-0.11331752424483149
187Val 205Phe Hydrophobic,0.11305023870171414
114Leu 137Leu Hydrophobic,-0.11010235054105622
126Phe 130Ile Hydrophobic,-0.10901104382329893
139Arg 151Asp Saltbr,-0.1086747486979132
172Glu 179Arg Saltbr,-0.1084329395099059
26Asp 166Arg Saltbr,0.10628451275364229
114Leu 123Leu Hydrophobic,0.10578802018327332
83Val 87Hid Hbond,0.10513145040909956
102Ile 182Leu Hydrophobic,-0.10493571077505962
121Ala 137Leu Hydrophobic,0.10414021945472035
168Leu 179Arg Hbond,-0.10290914796057234
168Leu 182Leu Hydrophobic,-0.10103162816597952
47Phe 110Ala Hydrophobic,-0.10099313467996632
13Glu 36Arg Saltbr,-0.10082295639592768
128Arg 131Gly Hbond,0.10024414384549553
50Leu 123Leu Hydrophobic,-0.10016631968776649
166Arg 170Thr Hbond,0.10003809374651837
241Thr 248Arg Hbond,0.09906254747590902
54Ala 126Phe Hydrophobic,-0.09898933088561473
66Leu 93Thr Hbond,-0.09733530260598242
128Arg 135Thr Hbond,-0.09632091179361495
134Val 160Ala Hydrophobic,-0.09339092493030068
170Thr 179Arg Hbond,-0.09215413053566676
244Ser 248Arg Hbond,-0.09214878390868327
194Pro 249Asn Hbond,0.09169971197126343
175Ser 179Arg Hbond,0.0912444304580567
107Asn 111Asn Hbond,-0.09101086885691924
60Asp 175Ser Hbond,0.08888033608938443
48Lys 141Glu Saltbr,0.08840339889365573
28Ala 166Arg Hbond,0.08771608915986882
183Ile 223Val Hydrophobic,0.08696615864808642
200Leu 205Phe Hydrophobic,0.08602919981704164
165Leu 233Ile Hydrophobic,0.0855894754590712
169Leu 182Leu Hydrophobic,-0.08553445737289368
84Thr 106Asp Hbond,0.08422518260164895
16Leu 241Thr Hbond,0.08393362862882972
191Val 195Leu Hydrophobic,-0.0836819548020954
101Ala 109Ala Hydrophobic,-0.08309443649558922
95Ala 99Ala Hydrophobic,-0.0827108442022922
121Ala 124Thr Hbond,0.08249469617416692
123Leu 137Leu Hydrophobic,-0.08175928379362528
187Val 197Arg Hbond,0.08047135081348307
158Pro 162Ala Hydrophobic,0.08040893998400032
125Ala 129Asn Hbond,-0.08002225024287592
128Arg 132Asp Saltbr,-0.07937220078372731
191Val 194Pro Hydrophobic,-0.07935106889952379
163Ala 167Lys Hbond,0.07903783498136928
187Val 190Lys Hbond,0.07782971774030492
218Arg 249Asn Hbond,-0.07773571694308992
51Leu 123Leu Hydrophobic,-0.0768698343430305
3Pro 258Ala Hydrophobic,0.07678642435290903
55Val 113Leu Hydrophobic,0.07673851838149716
57Ala 61Ala Hydrophobic,0.07615876674413011
41Phe 158Pro Hydrophobic,0.07608224010753763
56Leu 66Leu Hydrophobic,0.07538131271112615
123Leu 127Leu Hydrophobic,0.07367661844380562
196Leu 252Ile Hydrophobic,0.07347520672266664
189Asp 197Arg Saltbr,-0.07265690557138925
206Ile 223Val Hydrophobic,-0.07223393725222767
56Leu 182Leu Hydrophobic,-0.0718715625478209
50Leu 127Leu Hydrophobic,-0.07153006773650318
49Val 168Leu Hydrophobic,-0.0713024257558265
54Ala 58Arg Hbond,0.07122669160641906
51Leu 113Leu Hydrophobic,-0.07108977890317171
125Ala 128Arg Hbond,0.06971249993508988
217Ser 248Arg Hbond,0.06922834723473824
37Ala 157Thr Hbond,-0.06856445141034832
55Val 94Val Hydrophobic,0.06820736206346174
186Met 197Arg Hbond,0.06759663454740435
195Leu 220Ile Hydrophobic,0.06758950794769908
120Pro 124Thr Hbond,0.0673535104973676
117Ile 123Leu Hydrophobic,0.06732009932107788
16Leu 238Leu Hydrophobic,-0.06725009747005607
59Val 66Leu Hydrophobic,0.06689576117047208
243Ala 248Arg Hbond,-0.06641652768134047
5Thr 262Hip Hbond,-0.06591687191141961
207Ala 222Ala Hydrophobic,0.06584199588555167
160Ala 164Thr Hbond,0.06509340860731362
194Pro 198Ser Hbond,-0.06490395121914092
128Arg 133Asn Hbond,-0.06411489927735423
26Asp 29Ser Hbond,-0.06411164270858226
17Ser 241Thr Hbond,0.06389521931438825
59Val 63Leu Hydrophobic,0.06329019694497322
50Leu 168Leu Hydrophobic,-0.06185464468140559
195Leu 198Ser Hbond,0.06177913807783196
236Ile 252Ile Hydrophobic,0.06124791683851703
183Ile 207Ala Hydrophobic,0.060944071700207
42Pro 237Tyr Hbond,-0.060079247974900336
37Ala 159Ala Hydrophobic,0.059060770460358736
218Arg 248Arg Hbond,-0.05702380867085913
220Ile 234Val Hydrophobic,0.05657444657316896
165Leu 235Val Hydrophobic,-0.056424989765736414
57Ala 174Leu Hydrophobic,0.05637078788247064
223Val 230Pro Hydrophobic,0.056269418056104976
105Ser 209Lys Hbond,-0.056202932054864665
217Ser 238Leu Hbond,0.056194517670351475
126Phe 168Leu Hydrophobic,-0.056049126896007335
162Ala 165Leu Hydrophobic,0.05595576709113523
247Glu 251Gln Hbond,-0.05544011761867316
220Ile 252Ile Hydrophobic,-0.054803871686661884
110Ala 113Leu Hydrophobic,0.054455439062793994
135Thr 156Thr Hbond,-0.054192068457730405
196Leu 200Leu Hydrophobic,0.05401759962998354
131Gly 167Lys Hbond,-0.05284242736281527
132Asp 167Lys Saltbr,0.05272593070536674
162Ala 235Val Hydrophobic,0.05252618587243345
16Leu 242Gln Hbond,-0.0524751465333866
55Val 117Ile Hydrophobic,-0.051407405861508736
31Arg 263Trp Hbond,-0.051141382250371556
134Val 157Thr Hbond,-0.05085129064386492
12Ser 251Gln Hbond,0.05077921529087896
176Ala 180Gln Hbond,-0.050764521484880726
54Ala 57Ala Hydrophobic,0.05066471244928588
8Gln 251Gln Hbond,0.050121607563357186
169Leu 183Ile Hydrophobic,-0.050050554225159916
25Leu 233Ile Hydrophobic,0.04961965942048612
62Gly 65Gln Hbond,-0.04947505919242657
221Ile 235Val Hydrophobic,-0.048504934861844436
39Glu 157Thr Hbond,-0.04838162059806144
27Leu 166Arg Hbond,0.047748426017828825
192Ala 220Ile Hydrophobic,0.04768248532010566
207Ala 223Val Hydrophobic,-0.04730865116152387
47Phe 144Leu Hydrophobic,-0.04718757779945418
113Leu 117Ile Hydrophobic,-0.046981092900000916
169Leu 223Val Hydrophobic,-0.046573427430312675
15Gln 247Glu Hbond,0.045693099348121234
25Leu 163Ala Hydrophobic,0.04564905787535463
149Pro 215Arg Hbond,0.045614876371864795
84Thr 108Thr Hbond,0.04549848613913677
223Val 233Ile Hydrophobic,-0.045473252635016975
65Gln 68Arg Hbond,0.04529900942721235
174Leu 182Leu Hydrophobic,-0.044939357813023696
23Val 162Ala Hydrophobic,0.04437877662413618
11Glu 15Gln Hbond,-0.04377097391785675
195Leu 249Asn Hbond,-0.04347264120334834
23Val 159Ala Hydrophobic,-0.04326829679383182
139Arg 143Glu Saltbr,-0.04304204665745033
222Ala 233Ile Hydrophobic,-0.04302354696033383
220Ile 236Ile Hydrophobic,-0.04298203930002649
23Val 33Leu Hydrophobic,-0.04249868998591596
50Leu 54Ala Hydrophobic,0.042342578570894907
194Pro 253Ala Hydrophobic,0.04217465433267666
54Ala 117Ile Hydrophobic,-0.04199214956845236
9Ile 20Val Hydrophobic,0.0414183610565101
136Arg 154Asp Saltbr,-0.04141829831599892
49Val 165Leu Hydrophobic,0.04138942692045778
5Thr 255Ile Hbond,0.04124426555312057
165Leu 168Leu Hydrophobic,0.04116254712326888
222Ala 234Val Hydrophobic,0.04003035633414625
168Leu 173Ile Hydrophobic,-0.039799564292422304
252Ile 255Ile Hydrophobic,0.039387079389631326
159Ala 162Ala Hydrophobic,0.03928336250205442
112Leu 116Thr Hbond,0.0389783850088994
70Ile 97Leu Hydrophobic,-0.03879678060948955
23Val 234Val Hydrophobic,-0.03879437400363111
196Leu 220Ile Hydrophobic,-0.038605851142441486
101Ala 110Ala Hydrophobic,0.03848806752248286
165Leu 222Ala Hydrophobic,-0.0384333740984837
81Ser 84Thr Hbond,-0.0382094706437579
196Leu 224Leu Hydrophobic,-0.038051721949672435
51Leu 117Ile Hydrophobic,-0.03775279209642984
7Glu 10Lys Saltbr,0.03762073911949006
183Ile 187Val Hydrophobic,-0.03759872687864954
9Ile 12Ser Hbond,0.03759444733349302
49Val 102Ile Hydrophobic,0.03742949548155403
10Lys 35Tyr Hbond,-0.03724334092342753
253Ala 257Ala Hydrophobic,-0.03716907887985093
60Asp 178Ser Hbond,0.036663406442988905
189Asp 209Lys Saltbr,-0.03654280386696797
25Leu 162Ala Hydrophobic,0.036538617482453635
56Leu 59Val Hydrophobic,-0.036396831679114824
46Thr 219Gly Hbond,0.03627896933125649
199Val 253Ala Hydrophobic,0.035983960157722435
126Phe 173Ile Hydrophobic,-0.035047751229854075
3Pro 262Hip Hbond,-0.034833004696812254
58Arg 63Leu Hbond,-0.034619578811535455
109Ala 112Leu Hydrophobic,0.03448671736827822
29Ser 166Arg Hbond,0.03420602035821229
73Arg 88Leu Hbond,-0.033900264842831485
206Ile 222Ala Hydrophobic,-0.03369452590216569
13Glu 19Arg Saltbr,0.03360388178271378
10Lys 14Ser Hbond,-0.032958821482978816
4Gln 7Glu Hbond,0.03295118980957171
196Leu 260Ile Hydrophobic,-0.03168990882473475
244Ser 247Glu Hbond,0.031683670693433086
215Arg 242Gln Hbond,0.03151735716562388
195Leu 252Ile Hydrophobic,-0.031330359627090104
66Leu 94Val Hydrophobic,0.03079856718328557
81Ser 85Glu Hbond,-0.030571592981263003
251Gln 254Glu Hbond,-0.030225904994815537
27Leu 233Ile Hydrophobic,0.030056194597328955
78Val 81Ser Hbond,-0.029323933372883672
232Arg 263Trp Hbond,-0.029274097027259655
236Ile 255Ile Hydrophobic,-0.029230691681406382
87Hid 91Gly Hbond,0.02864966072419672
6Leu 9Ile Hydrophobic,-0.028121783170565032
216Gly 248Arg Hbond,-0.028012591046203617
71Hie 90Asp Hbond,-0.027791085916049958
58Arg 64Glu Saltbr,-0.027129181397404348
200Leu 260Ile Hydrophobic,-0.026777811323444083
151Asp 155Thr Hbond,-0.02676756057095734
71Hie 88Leu Hbond,-0.026552385278430887
9Ile 255Ile Hydrophobic,-0.02632906517070878
97Leu 113Leu Hydrophobic,-0.026239386027418196
124Thr 128Arg Hbond,-0.026077623683543525
100Ala 109Ala Hydrophobic,-0.02591853799245745
206Ile 224Leu Hydrophobic,-0.02588864969858417
49Val 221Ile Hydrophobic,-0.02564826112997289
16Leu 243Ala Hydrophobic,-0.02548851091852517
197Arg 208Asp Saltbr,-0.02547041589700215
24Glu 31Arg Saltbr,0.02542700403915204
51Leu 54Ala Hydrophobic,-0.025404728126000663
40Arg 152Glu Saltbr,0.025398201860253794
26Asp 31Arg Saltbr,0.024847587358571153
126Phe 129Asn Hbond,0.02454648171534124
26Asp 231Ser Hbond,0.024155213586445776
246Asp 250Gln Hbond,-0.02409797015736408
120Pro 137Leu Hydrophobic,0.02398099409249383
15Gln 251Gln Hbond,-0.023972958063461152
128Arg 134Val Hbond,-0.023923221960034147
246Asp 249Asn Hbond,0.023813170248639173
136Arg 155Thr Hbond,-0.023783797250352436
140Trp 143Glu Hbond,0.02350849014645556
51Leu 55Val Hydrophobic,-0.02331633492657724
113Leu 116Thr Hbond,-0.023227945621958276
20Val 255Ile Hydrophobic,-0.022680265219346074
121Ala 125Ala Hydrophobic,0.02260230357847488
69Arg 90Asp Saltbr,-0.022403660590089646
8Gln 11Glu Hbond,0.022241740175446913
2Hip 254Glu Hbond,-0.022157029681770725
165Leu 169Leu Hydrophobic,-0.022137948722481718
120Pro 123Leu Hydrophobic,-0.021996572736521756
196Leu 222Ala Hydrophobic,-0.021974634386021145
224Leu 234Val Hydrophobic,0.021788041347820256
69Arg 91Gly Hbond,0.02164950765781532
234Val 259Leu Hydrophobic,-0.021624539048215905
33Leu 259Leu Hydrophobic,-0.021375348536966307
210Thr 219Gly Hbond,-0.021041953230403174
70Ile 112Leu Hydrophobic,-0.020389845550592287
19Arg 39Glu Saltbr,-0.020266539592682646
13Glu 35Tyr Hbond,-0.020211086364842413
16Leu 20Val Hydrophobic,-0.019910074528017498
220Ile 235Val Hydrophobic,0.019768923694158606
110Ala 114Leu Hydrophobic,-0.01939703215929717
207Ala 221Ile Hydrophobic,-0.0193001281106512
112Leu 115Ala Hydrophobic,0.019181630226569296
123Leu 126Phe Hydrophobic,0.019072533184893527
134Val 155Thr Hbond,0.01883904783742977
101Ala 113Leu Hydrophobic,-0.01862718381437637
27Leu 223Val Hydrophobic,0.018575920227042575
162Ala 233Ile Hydrophobic,-0.018458212593440576
175Ser 178Ser Hbond,0.017969938090062407
97Leu 109Ala Hydrophobic,0.01788342609314957
205Phe 230Pro Hydrophobic,0.01770440371985716
23Val 37Ala Hydrophobic,0.01755022268571871
14Ser 17Ser Hbond,0.01751219355103271
38Asp 157Thr Hbond,0.01728267264091376
196Leu 199Val Hydrophobic,-0.017265061441507495
2Hip 257Ala Hbond,0.017075136364209074
54Ala 123Leu Hydrophobic,-0.01667567776091889
224Leu 231Ser Hbond,0.01661890791774648
2Hip 262Hip Hbond,0.016300948944799658
221Ile 234Val Hydrophobic,0.016180803520248355
224Leu 230Pro Hydrophobic,-0.016035933224418118
23Val 233Ile Hydrophobic,-0.015665344500828318
58Arg 116Thr Hbond,-0.015409375957283887
56Leu 174Leu Hydrophobic,0.015402319263181224
127Leu 130Ile Hydrophobic,0.015177142826918314
57Ala 126Phe Hydrophobic,-0.015023164038372252
51Leu 114Leu Hydrophobic,-0.014984625171586916
47Phe 50Leu Hydrophobic,0.014836019441875318
77Leu 88Leu Hydrophobic,0.014773963297905502
58Arg 117Ile Hbond,0.014665531862685585
86Lys 90Asp Saltbr,0.014654667388500643
114Leu 117Ile Hydrophobic,-0.014586210933305536
5Thr 258Ala Hbond,0.014475397346230594
26Asp 232Arg Saltbr,0.014271539305170812
68Arg 93Thr Hbond,0.013924819794904618
8Gln 12Ser Hbond,-0.013893306753198787
247Glu 250Gln Hbond,0.013799756757139596
245Met 249Asn Hbond,0.013756613814191992
199Val 260Ile Hydrophobic,0.01362426592567234
224Leu 260Ile Hydrophobic,0.013482077272405866
94Val 113Leu Hydrophobic,0.01339071639479175
87Hid 90Asp Hbond,0.013027555498511903
73Arg 76Asp Saltbr,0.012846633569562883
200Leu 224Leu Hydrophobic,0.012130302818166598
70Ile 94Val Hydrophobic,0.011785386568878193
257Ala 260Ile Hydrophobic,0.011559840444902368
97Leu 100Ala Hydrophobic,0.011457711767331541
17Ser 242Gln Hbond,-0.011107537264805435
167Lys 172Glu Saltbr,0.010935471147230981
82Pro 86Lys Hbond,-0.01088034665213215
196Leu 253Ala Hydrophobic,0.010685616195399629
177Ala 181Gln Hbond,0.010615648839645173
2Hip 8Gln Hbond,-0.010346052391806833
255Ile 259Leu Hydrophobic,0.010287114081320685
64Glu 68Arg Saltbr,-0.010085741729520993
93Thr 96Glu Hbond,-0.010048831844315233
6Leu 10Lys Hbond,0.009667363900106493
255Ile 258Ala Hydrophobic,-0.00961768281231606
238Leu 252Ile Hydrophobic,0.009557689285451358
67Asp 93Thr Hbond,0.009491871912758193
124Thr 137Leu Hbond,0.009280660153352025
2Hip 261Glu Hbond,0.009145641379919097
27Leu 230Pro Hydrophobic,-0.008989299219742806
130Ile 168Leu Hydrophobic,-0.008777817479482392
205Phe 223Val Hydrophobic,0.008484333446379798
211Gly 218Arg Hbond,-0.008319786858174142
178Ser 181Gln Hbond,-0.007976916773030399
64Glu 116Thr Hbond,-0.007778717394176882
69Arg 93Thr Hbond,0.007638785482564327
20Val 36Arg Hbond,0.0075237898961013905
79Glu 142Thr Hbond,0.007510861466457697
24Glu 232Arg Saltbr,0.0074569869118351695
72Tyr 87Hid Hbond,0.0072467324441535825
55Val 59Val Hydrophobic,-0.006649022135776436
97Leu 112Leu Hydrophobic,0.006556497786659033
22Met 34Ser Hbond,0.006547320341121202
181Gln 184Thr Hbond,-0.006466658054571241
23Val 235Val Hydrophobic,0.006416941901165477
97Leu 101Ala Hydrophobic,-0.006112528213257959
20Val 236Ile Hydrophobic,-0.005964725141953294
180Gln 184Thr Hbond,-0.0058995901541463594
8Gln 254Glu Hbond,0.005862974387311776
196Leu 206Ile Hydrophobic,0.005785089890194491
130Ile 167Lys Hbond,-0.005727345712142818
71Hie 89Ala Hbond,-0.005279771333595314
66Leu 95Ala Hydrophobic,0.005073946321380956
6Leu 33Leu Hydrophobic,-0.004851321876649415
10Lys 13Glu Saltbr,-0.004842350072108354
200Leu 206Ile Hydrophobic,0.004495580575140574
158Pro 235Val Hydrophobic,-0.00439373045067632
76Asp 108Thr Hbond,0.0043169024170731035
174Leu 179Arg Hbond,0.0040104076161842665
49Val 182Leu Hydrophobic,0.004005156792659741
114Leu 120Pro Hydrophobic,-0.003942626531501533
201Pro 260Ile Hydrophobic,-0.0037002521152862343
111Asn 141Glu Hbond,-0.003429125077172933
20Val 238Leu Hydrophobic,-0.003233790518555607
169Leu 233Ile Hydrophobic,0.002804957969026293
94Val 97Leu Hydrophobic,-0.0028041343317515826
199Val 257Ala Hydrophobic,-0.0028011574435775
250Gln 254Glu Hbond,0.0026309534676094174
205Phe 224Leu Hydrophobic,-0.0026182283715480027
160Ala 163Ala Hydrophobic,0.0022209901424896463
11Glu 14Ser Hbond,-0.0020252867585450474
226Pro 229Lys Hbond,-0.0016599894370941098
177Ala 180Gln Hbond,0.0014228377489487586
37Ala 158Pro Hydrophobic,0.0010976355171923736
72Tyr 84Thr Hbond,0.0006764113787533445
218Arg 245Met Hbond,-0.0006252168443858267
43Met 237Tyr Hbond,0.0005846086312853313
195Leu 253Ala Hydrophobic,-0.0002693226338873126
109Ala 113Leu Hydrophobic,0.00011011325954118853
