Feature,Score
48Lys 105Ser Hbond,0.32664
145Asn 214Glu Hbond,0.21307
146Glu 215Arg Saltbr,0.19462
145Asn 212Ala Hbond,0.16671
48Lys 107Asn Hbond,0.1545
80Tyr 107Asn Hbond,0.13598
44Met 145Asn Hbond,0.13382
147Ala 215Arg Hbond,0.12981
48Lys 106Asp Saltbr,0.1191
103Thr 209Lys Hbond,0.113
79Glu 107Asn Hbond,0.10372
103Thr 190Lys Hbond,0.09199
19Arg 40Arg Hbond,0.09047
144Leu 147Ala Hydrophobic,0.08792
42Pro 147Ala Hydrophobic,0.08736
139Arg 146Glu Saltbr,0.08605
215Arg 240Glu Saltbr,0.08532
79Glu 142Thr Hbond,0.08494
141Glu 145Asn Hbond,0.08211
43Met 46Thr Hbond,0.08106
80Tyr 104Met Hbond,0.07935
190Lys 197Arg Hbond,0.07872
103Thr 185Trp Hbond,0.07749
105Ser 209Lys Hbond,0.07666
40Arg 134Val Hbond,0.06764
57Ala 173Ile Hydrophobic,0.06522
139Arg 151Asp Saltbr,0.06518
20Val 41Phe Hydrophobic,0.06474
47Phe 144Leu Hydrophobic,0.06043
46Thr 219Gly Hbond,0.05916
168Leu 174Leu Hydrophobic,0.05842
19Arg 240Glu Saltbr,0.05828
27Leu 169Leu Hydrophobic,0.05794
210Thr 218Arg Hbond,0.0577
187Val 190Lys Hbond,0.0569
148Leu 215Arg Hbond,0.05632
138Asp 153Arg Saltbr,0.0561
136Arg 155Thr Hbond,0.05539
152Glu 155Thr Hbond,0.05439
217Ser 248Arg Hbond,0.05438
216Gly 241Thr Hbond,0.05432
136Arg 152Glu Saltbr,0.05347
102Ile 209Lys Hbond,0.05337
187Val 197Arg Hbond,0.05142
190Lys 208Asp Saltbr,0.05116
40Arg 151Asp Saltbr,0.05044
192Ala 195Leu Hydrophobic,0.04826
139Arg 154Asp Saltbr,0.04721
47Phe 51Leu Hydrophobic,0.04688
81Ser 106Asp Hbond,0.04677
104Met 190Lys Hbond,0.04657
193Gly 198Ser Hbond,0.04536
36Arg 39Glu Saltbr,0.04516
47Phe 110Ala Hydrophobic,0.04473
192Ala 196Leu Hydrophobic,0.04455
46Thr 237Tyr Hbond,0.04371
210Thr 219Gly Hbond,0.0424
47Phe 114Leu Hydrophobic,0.04161
192Ala 220Ile Hydrophobic,0.04129
241Thr 248Arg Hbond,0.04095
24Glu 32Thr Hbond,0.0402
142Thr 146Glu Hbond,0.03999
128Arg 132Asp Saltbr,0.03956
50Leu 126Phe Hydrophobic,0.03851
146Glu 153Arg Saltbr,0.03775
189Asp 209Lys Saltbr,0.03771
19Arg 39Glu Saltbr,0.03706
216Gly 248Arg Hbond,0.03658
40Arg 155Thr Hbond,0.03617
132Asp 164Thr Hbond,0.03609
107Asn 141Glu Hbond,0.03603
81Ser 108Thr Hbond,0.03534
40Arg 152Glu Saltbr,0.03461
50Leu 127Leu Hydrophobic,0.03281
220Ile 235Val Hydrophobic,0.03268
48Lys 141Glu Saltbr,0.03266
189Asp 197Arg Saltbr,0.03261
47Phe 123Leu Hydrophobic,0.03148
20Val 36Arg Hbond,0.03093
117Ile 126Phe Hydrophobic,0.03078
187Val 206Ile Hydrophobic,0.03061
197Arg 206Ile Hbond,0.02931
78Val 81Ser Hbond,0.02904
171Gly 179Arg Hbond,0.02901
214Glu 217Ser Hbond,0.0287
224Leu 260Ile Hydrophobic,0.02756
128Arg 131Gly Hbond,0.02698
215Arg 239Thr Hbond,0.02656
196Leu 220Ile Hydrophobic,0.02655
23Val 158Pro Hydrophobic,0.02639
37Ala 158Pro Hydrophobic,0.02612
26Asp 166Arg Saltbr,0.0256
183Ile 205Phe Hydrophobic,0.02554
186Met 197Arg Hbond,0.02551
130Ile 173Ile Hydrophobic,0.02546
191Val 195Leu Hydrophobic,0.02544
218Arg 248Arg Hbond,0.02539
194Pro 198Ser Hbond,0.02527
137Leu 144Leu Hydrophobic,0.02489
132Asp 135Thr Hbond,0.0248
218Arg 249Asn Hbond,0.02463
47Phe 137Leu Hydrophobic,0.02424
16Leu 242Gln Hbond,0.02413
126Phe 130Ile Hydrophobic,0.0241
99Ala 103Thr Hbond,0.02395
29Ser 166Arg Hbond,0.02365
187Val 207Ala Hydrophobic,0.02364
51Leu 110Ala Hydrophobic,0.02362
24Glu 31Arg Saltbr,0.0233
211Gly 218Arg Hbond,0.0231
195Leu 198Ser Hbond,0.02303
27Leu 170Thr Hbond,0.02289
101Ala 110Ala Hydrophobic,0.02263
195Leu 253Ala Hydrophobic,0.02242
142Thr 145Asn Hbond,0.02229
41Phe 238Leu Hydrophobic,0.02223
110Ala 114Leu Hydrophobic,0.02223
42Pro 237Tyr Hbond,0.02197
82Pro 86Lys Hbond,0.02143
183Ile 223Val Hydrophobic,0.0212
196Leu 252Ile Hydrophobic,0.0211
132Asp 167Lys Saltbr,0.02085
130Ile 167Lys Hbond,0.02049
17Ser 241Thr Hbond,0.02043
114Leu 123Leu Hydrophobic,0.02024
28Ala 166Arg Hbond,0.02012
50Leu 123Leu Hydrophobic,0.02008
107Asn 111Asn Hbond,0.01984
169Leu 179Arg Hbond,0.01968
200Leu 260Ile Hydrophobic,0.01942
13Glu 36Arg Saltbr,0.01939
13Glu 19Arg Saltbr,0.01937
60Asp 175Ser Hbond,0.01935
194Pro 253Ala Hydrophobic,0.0192
169Leu 182Leu Hydrophobic,0.01917
221Ile 234Val Hydrophobic,0.01916
49Val 221Ile Hydrophobic,0.01901
134Val 155Thr Hbond,0.01889
136Arg 154Asp Saltbr,0.01833
8Gln 12Ser Hbond,0.01805
165Leu 221Ile Hydrophobic,0.01799
206Ile 223Val Hydrophobic,0.01798
151Asp 155Thr Hbond,0.01768
73Arg 88Leu Hbond,0.01757
50Leu 165Leu Hydrophobic,0.01732
33Leu 259Leu Hydrophobic,0.01714
130Ile 168Leu Hydrophobic,0.01712
16Leu 20Val Hydrophobic,0.01701
180Gln 184Thr Hbond,0.01688
120Pro 123Leu Hydrophobic,0.01664
81Ser 84Thr Hbond,0.01661
195Leu 252Ile Hydrophobic,0.01653
159Ala 162Ala Hydrophobic,0.01619
165Leu 222Ala Hydrophobic,0.01614
134Val 160Ala Hydrophobic,0.01606
175Ser 179Arg Hbond,0.01584
23Val 37Ala Hydrophobic,0.01582
128Arg 135Thr Hbond,0.01568
81Ser 85Glu Hbond,0.01561
243Ala 248Arg Hbond,0.01555
168Leu 182Leu Hydrophobic,0.01553
27Leu 166Arg Hbond,0.01524
167Lys 172Glu Saltbr,0.01493
11Glu 15Gln Hbond,0.01488
169Leu 183Ile Hydrophobic,0.01488
16Leu 243Ala Hydrophobic,0.01468
54Ala 117Ile Hydrophobic,0.01466
168Leu 173Ile Hydrophobic,0.01454
217Ser 239Thr Hbond,0.01436
95Ala 99Ala Hydrophobic,0.01433
196Leu 224Leu Hydrophobic,0.01426
168Leu 179Arg Hbond,0.01421
43Met 237Tyr Hbond,0.01418
195Leu 249Asn Hbond,0.01394
2Hip 262Hip Hbond,0.01386
200Leu 206Ile Hydrophobic,0.01369
23Val 234Val Hydrophobic,0.01356
224Leu 234Val Hydrophobic,0.01351
195Leu 220Ile Hydrophobic,0.01349
26Asp 232Arg Saltbr,0.01336
55Val 59Val Hydrophobic,0.01333
131Gly 167Lys Hbond,0.01331
215Arg 242Gln Hbond,0.01325
135Thr 156Thr Hbond,0.0131
128Arg 134Val Hbond,0.01301
10Lys 14Ser Hbond,0.01299
255Ile 258Ala Hydrophobic,0.01297
114Leu 137Leu Hydrophobic,0.01292
55Val 94Val Hydrophobic,0.01283
220Ile 252Ile Hydrophobic,0.01268
158Pro 162Ala Hydrophobic,0.01262
236Ile 255Ile Hydrophobic,0.0126
195Leu 199Val Hydrophobic,0.01257
57Ala 61Ala Hydrophobic,0.01225
183Ile 207Ala Hydrophobic,0.01214
37Ala 159Ala Hydrophobic,0.0121
172Glu 179Arg Saltbr,0.01201
123Leu 137Leu Hydrophobic,0.012
201Pro 260Ile Hydrophobic,0.01195
8Gln 251Gln Hbond,0.01178
165Leu 235Val Hydrophobic,0.01175
236Ile 252Ile Hydrophobic,0.0117
54Ala 58Arg Hbond,0.0114
191Val 194Pro Hydrophobic,0.01131
83Val 100Ala Hydrophobic,0.01126
26Asp 31Arg Saltbr,0.01124
5Thr 262Hip Hbond,0.01069
223Val 233Ile Hydrophobic,0.01062
15Gln 251Gln Hbond,0.01049
126Phe 129Asn Hbond,0.01049
55Val 117Ile Hydrophobic,0.01044
159Ala 163Ala Hydrophobic,0.01044
17Ser 242Gln Hbond,0.01039
49Val 168Leu Hydrophobic,0.01009
170Thr 179Arg Hbond,0.01009
112Leu 115Ala Hydrophobic,0.01002
8Gln 254Glu Hbond,0.01001
200Leu 205Phe Hydrophobic,0.00998
163Ala 167Lys Hbond,0.00986
54Ala 123Leu Hydrophobic,0.00979
166Arg 170Thr Hbond,0.00979
100Ala 109Ala Hydrophobic,0.00957
54Ala 126Phe Hydrophobic,0.0095
87Hid 90Asp Hbond,0.00945
99Ala 102Ile Hydrophobic,0.00939
101Ala 105Ser Hbond,0.00933
14Ser 17Ser Hbond,0.0093
83Val 87Hid Hbond,0.0093
11Glu 14Ser Hbond,0.00925
102Ile 182Leu Hydrophobic,0.00902
257Ala 260Ile Hydrophobic,0.00899
51Leu 117Ile Hydrophobic,0.00897
66Leu 93Thr Hbond,0.00892
128Arg 133Asn Hbond,0.00879
205Phe 230Pro Hydrophobic,0.00874
71Hie 89Ala Hbond,0.00868
124Thr 128Arg Hbond,0.00859
26Asp 231Ser Hbond,0.00858
9Ile 255Ile Hydrophobic,0.00857
56Leu 59Val Hydrophobic,0.00832
12Ser 251Gln Hbond,0.00829
50Leu 168Leu Hydrophobic,0.00829
9Ile 12Ser Hbond,0.00814
125Ala 128Arg Hbond,0.00807
101Ala 109Ala Hydrophobic,0.00801
112Leu 116Thr Hbond,0.00798
197Arg 208Asp Saltbr,0.00792
194Pro 249Asn Hbond,0.00786
140Trp 143Glu Hbond,0.00769
20Val 255Ile Hydrophobic,0.00764
2Hip 257Ala Hbond,0.00761
24Glu 232Arg Saltbr,0.00755
232Arg 263Trp Hbond,0.00732
250Gln 254Glu Hbond,0.00728
165Leu 168Leu Hydrophobic,0.00721
64Glu 68Arg Saltbr,0.00715
139Arg 143Glu Saltbr,0.00703
68Arg 93Thr Hbond,0.00699
57Ala 174Leu Hydrophobic,0.00697
165Leu 169Leu Hydrophobic,0.00697
199Val 253Ala Hydrophobic,0.00695
76Asp 108Thr Hbond,0.00683
177Ala 180Gln Hbond,0.00683
177Ala 181Gln Hbond,0.00676
218Arg 245Met Hbond,0.00673
160Ala 164Thr Hbond,0.0066
221Ile 235Val Hydrophobic,0.00651
162Ala 165Leu Hydrophobic,0.0065
174Leu 179Arg Hbond,0.00632
97Leu 113Leu Hydrophobic,0.00631
206Ile 224Leu Hydrophobic,0.00629
226Pro 229Lys Hbond,0.00627
25Leu 162Ala Hydrophobic,0.00622
84Thr 106Asp Hbond,0.00617
121Ala 137Leu Hydrophobic,0.00617
222Ala 233Ile Hydrophobic,0.00601
50Leu 54Ala Hydrophobic,0.006
196Leu 222Ala Hydrophobic,0.00582
246Asp 250Gln Hbond,0.00581
16Leu 238Leu Hydrophobic,0.00576
31Arg 263Trp Hbond,0.00571
123Leu 126Phe Hydrophobic,0.00565
247Glu 251Gln Hbond,0.00564
77Leu 88Leu Hydrophobic,0.00554
10Lys 13Glu Saltbr,0.00553
16Leu 241Thr Hbond,0.00549
49Val 102Ile Hydrophobic,0.00549
174Leu 182Leu Hydrophobic,0.00509
71Hie 90Asp Hbond,0.00473
222Ala 234Val Hydrophobic,0.00472
207Ala 223Val Hydrophobic,0.0047
253Ala 257Ala Hydrophobic,0.0047
187Val 205Phe Hydrophobic,0.0046
51Leu 55Val Hydrophobic,0.00458
223Val 230Pro Hydrophobic,0.0045
199Val 260Ile Hydrophobic,0.00449
51Leu 113Leu Hydrophobic,0.00443
224Leu 231Ser Hbond,0.00438
37Ala 157Thr Hbond,0.0042
178Ser 181Gln Hbond,0.00417
196Leu 206Ile Hydrophobic,0.00411
126Phe 173Ile Hydrophobic,0.0041
134Val 157Thr Hbond,0.0041
176Ala 180Gln Hbond,0.00389
49Val 182Leu Hydrophobic,0.00386
93Thr 96Glu Hbond,0.00375
59Val 63Leu Hydrophobic,0.0037
175Ser 178Ser Hbond,0.00367
62Gly 65Gln Hbond,0.00363
162Ala 235Val Hydrophobic,0.00357
244Ser 248Arg Hbond,0.00347
84Thr 108Thr Hbond,0.00346
69Arg 91Gly Hbond,0.00334
160Ala 163Ala Hydrophobic,0.0033
124Thr 137Leu Hbond,0.00327
58Arg 116Thr Hbond,0.00317
58Arg 64Glu Saltbr,0.00313
196Leu 253Ala Hydrophobic,0.00312
23Val 159Ala Hydrophobic,0.00293
109Ala 112Leu Hydrophobic,0.00287
169Leu 233Ile Hydrophobic,0.00286
73Arg 76Asp Saltbr,0.00273
58Arg 63Leu Hbond,0.00272
149Pro 215Arg Hbond,0.0027
3Pro 262Hip Hbond,0.00269
23Val 235Val Hydrophobic,0.00262
97Leu 101Ala Hydrophobic,0.00259
23Val 162Ala Hydrophobic,0.00257
72Tyr 87Hid Hbond,0.00255
65Gln 68Arg Hbond,0.00247
5Thr 258Ala Hbond,0.00244
120Pro 124Thr Hbond,0.00233
5Thr 255Ile Hbond,0.00232
51Leu 114Leu Hydrophobic,0.00227
196Leu 200Leu Hydrophobic,0.00217
220Ile 236Ile Hydrophobic,0.00185
6Leu 10Lys Hbond,0.00182
162Ala 233Ile Hydrophobic,0.00177
54Ala 57Ala Hydrophobic,0.00172
87Hid 91Gly Hbond,0.00157
13Glu 35Tyr Hbond,0.00156
49Val 165Leu Hydrophobic,0.00156
56Leu 174Leu Hydrophobic,0.00149
27Leu 223Val Hydrophobic,0.00148
169Leu 223Val Hydrophobic,0.00148
51Leu 123Leu Hydrophobic,0.0014
64Glu 116Thr Hbond,0.00137
94Val 97Leu Hydrophobic,0.00131
120Pro 137Leu Hydrophobic,0.00109
126Phe 168Leu Hydrophobic,0.00083
15Gln 247Glu Hbond,0.00062
111Asn 141Glu Hbond,0.00061
196Leu 260Ile Hydrophobic,0.00057
69Arg 93Thr Hbond,0.00052
205Phe 224Leu Hydrophobic,0.0004
6Leu 33Leu Hydrophobic,0.00035
238Leu 252Ile Hydrophobic,0.00033
245Met 249Asn Hbond,0.00031
109Ala 113Leu Hydrophobic,8e-05
2Hip 8Gln Hbond,0.0
4Gln 7Glu Hbond,0.0
6Leu 9Ile Hydrophobic,0.0
7Glu 10Lys Saltbr,0.0
8Gln 11Glu Hbond,0.0
9Ile 20Val Hydrophobic,0.0
10Lys 35Tyr Hbond,0.0
22Met 34Ser Hbond,0.0
2Hip 254Glu Hbond,0.0
2Hip 261Glu Hbond,0.0
23Val 33Leu Hydrophobic,0.0
26Asp 29Ser Hbond,0.0
3Pro 258Ala Hydrophobic,0.0
47Phe 50Leu Hydrophobic,0.0
51Leu 54Ala Hydrophobic,0.0
56Leu 66Leu Hydrophobic,0.0
59Val 66Leu Hydrophobic,0.0
66Leu 94Val Hydrophobic,0.0
66Leu 95Ala Hydrophobic,0.0
67Asp 93Thr Hbond,0.0
69Arg 90Asp Saltbr,0.0
70Ile 94Val Hydrophobic,0.0
70Ile 97Leu Hydrophobic,0.0
71Hie 88Leu Hbond,0.0
72Tyr 84Thr Hbond,0.0
86Lys 90Asp Saltbr,0.0
20Val 236Ile Hydrophobic,0.0
20Val 238Leu Hydrophobic,0.0
23Val 233Ile Hydrophobic,0.0
25Leu 163Ala Hydrophobic,0.0
25Leu 233Ile Hydrophobic,0.0
27Leu 230Pro Hydrophobic,0.0
27Leu 233Ile Hydrophobic,0.0
38Asp 157Thr Hbond,0.0
39Glu 157Thr Hbond,0.0
41Phe 158Pro Hydrophobic,0.0
55Val 113Leu Hydrophobic,0.0
56Leu 182Leu Hydrophobic,0.0
57Ala 126Phe Hydrophobic,0.0
58Arg 117Ile Hbond,0.0
60Asp 178Ser Hbond,0.0
68Arg 116Thr Hbond,0.0
70Ile 112Leu Hydrophobic,0.0
94Val 113Leu Hydrophobic,0.0
97Leu 100Ala Hydrophobic,0.0
97Leu 109Ala Hydrophobic,0.0
97Leu 112Leu Hydrophobic,0.0
101Ala 113Leu Hydrophobic,0.0
110Ala 113Leu Hydrophobic,0.0
113Leu 116Thr Hbond,0.0
113Leu 117Ile Hydrophobic,0.0
114Leu 117Ile Hydrophobic,0.0
114Leu 120Pro Hydrophobic,0.0
117Ile 123Leu Hydrophobic,0.0
121Ala 124Thr Hbond,0.0
121Ala 125Ala Hydrophobic,0.0
123Leu 127Leu Hydrophobic,0.0
125Ala 129Asn Hbond,0.0
127Leu 130Ile Hydrophobic,0.0
158Pro 235Val Hydrophobic,0.0
165Leu 233Ile Hydrophobic,0.0
181Gln 184Thr Hbond,0.0
183Ile 187Val Hydrophobic,0.0
196Leu 199Val Hydrophobic,0.0
199Val 257Ala Hydrophobic,0.0
200Leu 224Leu Hydrophobic,0.0
205Phe 223Val Hydrophobic,0.0
206Ile 222Ala Hydrophobic,0.0
207Ala 221Ile Hydrophobic,0.0
207Ala 222Ala Hydrophobic,0.0
217Ser 238Leu Hbond,0.0
220Ile 234Val Hydrophobic,0.0
224Leu 230Pro Hydrophobic,0.0
234Val 259Leu Hydrophobic,0.0
244Ser 247Glu Hbond,0.0
246Asp 249Asn Hbond,0.0
247Glu 250Gln Hbond,0.0
251Gln 254Glu Hbond,0.0
252Ile 255Ile Hydrophobic,0.0
255Ile 259Leu Hydrophobic,0.0
