,TEM1_PDB_Numbering,TEM1,ENCA,GNCA,PNCA,Delta_Special_General
2,1,0.0,0.10031,0.0,0.0,0.10031
3,2,0.07318,0.04194,0.0,0.0,0.11512
4,3,0.07525,0.00396,0.0,0.04596,0.03325
5,4,0.34317,0.06468,0.0,0.01762,0.39022999999999997
6,5,0.23631,0.06955,0.42457,0.15729,-0.276
7,N/A,0.0,0.0,0.02211,0.01286,-0.03497
8,6,0.02995,0.04745,0.1272,0.0,-0.04980000000000001
9,7,0.26622,0.06139,0.0968,0.04192,0.18889
10,8,0.45906,0.0682,0.19949,0.07678,0.25099000000000005
11,9,0.23727,0.11946,0.01907,0.00147,0.33619
12,10,0.07348,0.00701,0.08202,0.04296,-0.04448999999999999
13,11,0.23274,0.06676,0.2346,0.06887,-0.003970000000000029
14,12,0.34546,0.10306,0.03843,0.05683,0.35325999999999996
15,13,0.13934,0.00954,0.05929,0.03089,0.058699999999999974
16,14,0.09629,0.01949,0.06631,0.02296,0.026510000000000006
17,15,0.15932,0.23258,0.30924,0.18624,-0.10358
18,16,0.01905,0.0797,0.10221,0.08594,-0.0894
19,17,0.0,0.0,0.0,0.0,0.0
20,18,0.69587,0.20158,0.1382,0.16834,0.59091
21,19,0.33582,0.19334,0.13092,0.12416,0.27408000000000005
22,20,0.0,0.0,0.0,0.0,0.0
23,21,0.22876,0.00413,0.24185,0.07481,-0.08377000000000001
24,22,0.31591,0.19083,0.23823,0.10842,0.16008999999999995
25,23,0.26073,0.11605,0.40833,0.29033,-0.32188000000000005
26,24,0.15125,0.01164,0.19448,0.26384,-0.29542999999999997
27,25,0.04519,0.07814,0.32783,0.22374,-0.42824
28,26,0.2338,0.19144,0.05583,0.08046,0.28895000000000004
29,27,0.15164,0.01312,0.082,0.09331,-0.010550000000000032
30,28,0.00648,0.03281,0.007,0.04879,-0.0165
31,29,0.01806,0.0,0.00848,0.0,0.00958
32,30,0.03268,0.06623,0.33947,0.10002,-0.34058
33,31,0.02593,0.07286,0.06086,0.07577,-0.03784000000000001
34,32,0.00679,0.06896,0.24967,0.097,-0.27092000000000005
35,33,0.0216,0.0,0.0,0.0,0.0216
36,34,0.0976,0.00413,0.15619,0.02232,-0.07678
37,35,0.22876,0.06282,0.0,0.02252,0.26906
38,36,0.25627,0.12262,0.06183,0.05056,0.2665
39,37,0.23764,0.09222,0.0255,0.04435,0.26000999999999996
40,38,0.0,0.00725,0.00526,0.03997,-0.03798
41,39,0.14855,0.13407,0.10238,0.08968,0.09055999999999997
42,40,0.85514,0.24087,0.07854,0.24582,0.77165
43,41,0.08203,0.05903,0.09531,0.04933,-0.003579999999999972
44,42,0.16318,0.08774,0.09128,0.08375,0.07588999999999996
45,43,0.08757,0.05975,0.17572,0.06796,-0.09636
46,44,0.03978,0.10801,0.0,0.0,0.14779
47,45,0.0,0.0,0.0,0.0,0.0
48,46,0.29356,0.08602,0.15062,0.1676,0.06135999999999997
49,47,0.48718,0.36712,0.30062,0.26755,0.28613
50,48,0.25431,0.53709,0.51979,0.5246,-0.25299000000000005
51,49,0.23235,0.1226,0.2852,0.18039,-0.11064000000000002
52,50,0.80648,0.35391,0.24553,0.20281,0.7120500000000001
53,51,0.22861,0.27717,0.13078,0.13849,0.23651
54,52,0.0,0.0,0.1654,0.15398,-0.31938
55,53,0.02314,0.0,0.25462,0.24856,-0.48003999999999997
56,54,0.38112,0.16459,0.15674,0.18511,0.20386000000000004
57,55,0.06571,0.12097,0.13139,0.1939,-0.13860999999999996
58,56,0.12469,0.06933,0.1824,0.27486,-0.26324000000000003
59,57,0.10063,0.07818,0.1766,0.20017,-0.19796
60,58,0.56023,0.09719,0.30084,0.0836,0.27298
61,59,0.03193,0.07193,0.08168,0.13762,-0.11544
62,60,0.08819,0.00767,0.13617,0.08842,-0.12873
63,61,0.0,0.01277,0.00587,0.05669,-0.04979
64,62,0.01361,0.01402,0.0,0.0,0.027630000000000002
65,63,0.03477,0.0482,0.08253,0.03664,-0.036199999999999996
66,64,0.19547,0.01351,0.03929,0.00105,0.16864
67,65,0.03415,0.03099,0.00899,0.03739,0.018760000000000006
68,66,0.12958,0.05369,0.08088,0.12491,-0.022519999999999984
69,67,0.00085,0.00711,0.01157,0.02518,-0.028790000000000003
70,68,0.24316,0.07853,0.02849,0.00105,0.29214999999999997
71,69,0.06398,0.03386,0.05954,0.06538,-0.027080000000000007
72,70,0.05845,0.03148,0.05009,0.04489,-0.005049999999999999
73,71,0.13703,0.0807,0.02647,0.01524,0.17602
74,72,0.0691,0.01379,0.07003,0.05522,-0.04236000000000001
75,73,0.00841,0.03382,0.0,0.00826,0.03397
76,74,0.01697,0.0,0.0,0.0,0.01697
77,75,0.0,0.0,0.0,0.0,0.0
78,76,0.03938,0.02317,0.02777,0.0097,0.02507999999999999
79,77,0.00204,0.00551,0.01951,0.02625,-0.038209999999999994
80,78,0.19341,0.00875,0.24308,0.04084,-0.08176
81,79,0.03978,0.39152,0.2278,0.26538,-0.061880000000000046
82,80,0.14247,0.22855,0.29276,0.58387,-0.50561
83,81,0.04234,0.363,0.9712,0.52435,-1.09021
84,82,0.02895,0.00019,0.11544,0.05888,-0.14518
85,83,0.0294,0.10657,0.2652,0.09399,-0.22322
86,84,0.0841,0.129,0.23414,0.21333,-0.23436999999999997
87,85,0.0,0.01426,0.0,0.0,0.01426
88,86,0.03921,0.00741,0.10818,0.06244,-0.124
89,87,0.02751,0.05052,0.01422,0.12514,-0.06133000000000001
90,88,0.07802,0.06162,0.01951,0.02625,0.09388000000000002
91,89,0.02644,0.04299,0.02061,0.01328,0.03554
92,90,0.1105,0.02388,0.05147,0.03413,0.04877999999999999
93,91,0.01475,0.02912,0.03685,0.08623,-0.07921
94,92,0.0,0.0,0.0,0.0,0.0
95,93,0.08761,0.04031,0.0604,0.0452,0.02231999999999998
96,94,0.07537,0.05236,0.12308,0.09503,-0.09037999999999999
97,95,0.08284,0.02871,0.01574,0.01564,0.08016999999999999
98,96,0.04482,0.0043,0.01942,0.00103,0.028669999999999998
99,97,0.15782,0.14401,0.20838,0.14653,-0.053080000000000016
100,98,0.0,0.0,0.0,0.0,0.0
101,99,0.1637,0.08849,0.05309,0.26114,-0.062039999999999984
102,100,0.09925,0.10364,0.24976,0.10536,-0.15222999999999998
103,101,0.23118,0.26119,0.30844,0.43504,-0.25110999999999994
104,102,0.19636,0.12145,0.21175,0.42399,-0.31792999999999993
105,103,0.21637,0.38908,0.25651,0.57499,-0.22604999999999997
106,104,0.06197,0.16176,0.35974,0.59443,-0.73044
107,105,0.46631,0.27045,0.36596,0.63608,-0.26527999999999996
108,106,0.05504,0.30683,0.37921,0.3806,-0.39794
109,107,0.19395,1.0,1.0,1.0,-0.8060499999999999
110,108,0.03316,0.19277,0.20031,0.23272,-0.20710000000000003
111,109,0.24757,0.07813,0.20413,0.25855,-0.13698
112,110,0.20549,0.15577,0.16786,0.22785,-0.03444999999999998
113,111,0.4397,0.18487,0.15003,0.19921,0.27532999999999996
114,112,0.36216,0.1011,0.12853,0.11158,0.22315000000000002
115,113,0.40499,0.18036,0.17344,0.20552,0.20639000000000002
116,114,0.47076,0.28173,0.20329,0.23284,0.31636
117,115,0.1419,0.00972,0.03905,0.06959,0.042980000000000004
118,116,0.57881,0.13435,0.07235,0.04927,0.59154
119,117,0.44321,0.28454,0.1993,0.1238,0.40465
120,118,0.15016,0.0,0.0,0.0,0.15016
121,119,0.0,0.0,0.0,0.0,0.0
122,120,0.31188,0.05422,0.07064,0.10084,0.19462
123,121,0.22927,0.04249,0.0533,0.018,0.20046
124,122,0.18226,0.0,0.07539,0.04278,0.06409000000000001
125,123,1.0,0.44934,0.22441,0.32056,0.9043700000000001
126,124,0.2158,0.05034,0.0487,0.11828,0.09916
127,125,0.07373,0.08196,0.08865,0.05898,0.008059999999999984
128,126,0.6606,0.3587,0.27305,0.43518,0.31106999999999985
129,127,0.13179,0.10814,0.1357,0.10315,0.0010799999999999699
130,128,0.18189,0.1406,0.25905,0.41385,-0.35041000000000005
131,129,0.01843,0.08719,0.04625,0.06043,-0.0010599999999999915
132,130,0.04699,0.13578,0.08323,0.19034,-0.09079999999999996
133,131,0.00857,0.04742,0.07439,0.09657,-0.11497
134,132,0.63608,0.12961,0.10569,0.31618,0.34381999999999996
135,133,0.12198,0.00545,0.05369,0.047,0.026740000000000014
136,134,0.33419,0.1209,0.12867,0.17275,0.15366999999999997
137,135,0.7486,0.07166,0.13327,0.30111,0.38588
138,136,0.30794,0.10848,0.02198,0.00494,0.3895
139,137,0.44982,0.2931,0.21156,0.26439,0.26697000000000004
140,138,0.18831,0.08916,0.01991,0.06443,0.19313
141,139,0.21913,0.21916,0.14264,0.14647,0.14917999999999998
142,140,0.01922,0.00846,0.0,0.0,0.027680000000000003
143,141,0.36998,0.3584,0.35174,0.22156,0.15508
144,142,0.30843,0.23245,0.12556,0.03936,0.37596
145,143,0.09835,0.01261,0.04121,0.0104,0.05935000000000001
146,144,0.37661,0.36332,0.10557,0.04691,0.58745
147,145,0.61002,0.4002,0.12189,0.09663,0.7916999999999998
148,146,0.26314,0.19107,0.19719,0.10219,0.15483000000000002
149,147,0.48846,0.29267,0.08536,0.03577,0.6599999999999999
150,148,0.07501,0.04679,0.0,0.0,0.12179999999999999
151,149,0.0,0.01514,0.0,0.0,0.01514
152,150,0.06546,0.0,0.0,0.02435,0.04111000000000001
153,151,0.09693,0.11801,0.04229,0.04532,0.12733000000000003
154,152,0.23948,0.23516,0.03823,0.01708,0.41933
155,153,0.30007,0.27925,0.07082,0.06443,0.4440700000000001
156,154,0.12897,0.15044,0.02674,0.05937,0.1933
157,155,0.30943,0.23358,0.03919,0.07605,0.42777
158,156,0.43671,0.01009,0.05608,0.05491,0.33580999999999994
159,157,0.0,0.08791,0.09889,0.14591,-0.15689000000000003
160,158,0.24025,0.11219,0.17168,0.10665,0.07411000000000001
161,159,0.29771,0.10537,0.2082,0.10178,0.09310000000000002
162,160,0.18952,0.03184,0.10566,0.08896,0.026739999999999986
163,161,0.04873,0.0,0.0,0.0,0.04873
164,162,0.3182,0.10117,0.06923,0.18942,0.16071999999999997
165,163,0.13142,0.08171,0.16968,0.15691,-0.11345999999999998
166,164,0.1941,0.0192,0.06585,0.08539,0.062060000000000004
167,165,0.44998,0.29474,0.41058,0.32066,0.013480000000000047
168,166,0.2417,0.10141,0.08394,0.09147,0.16770000000000002
169,167,0.43697,0.11294,0.07034,0.12689,0.35268
170,168,0.72569,0.26147,0.29545,0.2833,0.40840999999999994
171,169,0.15256,0.17409,0.17176,0.15645,-0.0015600000000000058
172,170,0.18174,0.20477,0.20596,0.15598,0.02456999999999998
173,171,0.00276,0.15268,0.02215,0.05497,0.07832000000000003
174,172,0.11175,0.09888,0.04408,0.07007,0.09647999999999998
175,173,0.19722,0.13854,0.07555,0.05538,0.20483
176,174,0.23383,0.18488,0.10875,0.20124,0.10872000000000004
177,175,0.14682,0.0623,0.15442,0.10689,-0.052189999999999986
178,176,0.00183,0.00985,0.04629,0.0,-0.03461
179,177,0.06192,0.01494,0.0204,0.00051,0.05595
180,178,0.17191,0.01682,0.13103,0.03694,0.02076
181,179,0.32523,0.55834,0.256,0.29894,0.32863
182,180,0.06714,0.03206,0.06664,0.0,0.032560000000000006
183,181,0.07033,0.04245,0.02962,0.01197,0.07119
184,182,0.26567,0.0885,0.16807,0.24426,-0.05815999999999999
185,183,0.06212,0.14579,0.05335,0.0153,0.13926
186,184,0.05939,0.04597,0.07351,0.01146,0.02038999999999999
187,185,0.10378,0.13875,0.00565,0.11357,0.12331000000000002
188,186,0.13826,0.09269,0.30059,0.26916,-0.3388
189,187,0.15108,0.39369,0.05496,0.22749,0.26232
190,188,0.25806,0.07962,0.0,0.00016,0.33752
191,189,0.3637,0.08346,0.21985,0.7958,-0.5684899999999999
192,190,0.20439,0.38236,0.14464,0.56707,-0.12495999999999996
193,191,0.10688,0.11132,0.3861,0.54962,-0.7175199999999999
194,192,0.11784,0.19925,0.0,0.10291,0.21417999999999998
195,193,0.0131,0.05557,0.06885,0.07735,-0.07752999999999999
196,194,0.20622,0.13747,0.08775,0.03575,0.22019
197,195,0.22956,0.30981,0.42682,0.39012,-0.2775700000000001
198,196,0.58403,0.1691,0.30813,0.24806,0.19694000000000011
199,197,0.49858,0.47432,0.19685,0.6008,0.17525000000000013
200,198,0.12764,0.10609,0.06323,0.03012,0.14038
201,199,0.20237,0.08064,0.02383,0.0198,0.23937999999999998
202,200,0.20603,0.11232,0.30897,0.05296,-0.04358000000000001
203,201,0.02584,0.00361,0.06174,0.01132,-0.04361
204,202,0.0,0.0,0.00669,0.0,-0.00669
205,203,0.0,0.0,0.0,0.0,0.0
206,204,0.0,0.0,0.0,0.0,0.0
207,205,0.19491,0.23939,0.04841,0.07104,0.31485
208,206,0.15676,0.30009,0.19842,0.32994,-0.07151000000000002
209,207,0.15403,0.22069,0.0,0.0,0.37472
210,208,0.07609,0.056,0.14802,0.60476,-0.62069
211,209,0.89991,0.23671,0.4329,0.72834,-0.024620000000000086
212,210,0.3112,0.13499,0.1543,0.2294,0.06248999999999999
213,211,0.16898,0.07925,0.05372,0.20693,-0.012419999999999987
214,212,0.23311,0.03128,0.29353,0.26426,-0.2934
215,213,0.0,0.0,0.10877,0.01109,-0.11986000000000001
216,214,0.36699,0.14894,0.00563,0.03893,0.47137
217,215,0.48891,0.25798,0.2918,0.12245,0.33264000000000005
218,216,0.17751,0.10642,0.13511,0.02443,0.12439
219,217,0.17646,0.2795,0.1303,0.21849,0.10717000000000004
220,218,0.30209,0.23666,0.14347,0.40308,-0.007799999999999918
221,219,0.11564,0.08214,0.4167,0.43197,-0.65089
222,220,0.34739,0.35653,0.29512,0.22221,0.18659000000000003
223,221,0.30352,0.13924,0.11286,0.23313,0.09677000000000002
224,222,0.16098,0.1077,0.10395,0.17388,-0.009149999999999991
225,223,0.14732,0.14988,0.29843,0.14358,-0.14481
226,224,0.41872,0.11656,0.18979,0.12252,0.22297
227,225,0.0,0.0,0.01535,0.02129,-0.03664
228,226,0.00724,0.00596,0.14609,0.2208,-0.35369
229,227,0.0,0.0,0.0,0.0,0.0
230,228,0.0,0.0,0.0,0.0,0.0
231,229,0.00724,0.00596,0.41723,0.18402,-0.58805
232,230,0.2091,0.0935,0.10164,0.11896,0.08199999999999999
233,231,0.08621,0.00948,0.25049,0.17289,-0.32769
234,232,0.17451,0.04143,0.0,0.0,0.21594
235,233,0.38882,0.12087,0.29349,0.17809,0.03810999999999998
236,234,0.27505,0.07432,0.22415,0.18638,-0.06115999999999994
237,235,0.31927,0.25169,0.18976,0.32486,0.05634000000000006
238,N/A,0.0,0.0,0.17241,0.17058,-0.34299
239,236,0.28452,0.14079,0.18061,0.24028,0.0044199999999999795
240,237,0.23414,0.10404,0.21115,0.22617,-0.09914000000000006
241,238,0.14363,0.11589,0.13272,0.17157,-0.044769999999999976
242,239,0.30809,0.09912,0.13865,0.08349,0.18506999999999996
243,240,0.08706,0.08913,0.11013,0.05824,0.007819999999999994
244,241,0.27858,0.12699,0.21267,0.25716,-0.06425999999999998
245,242,0.10544,0.15949,0.15027,0.00839,0.10627
246,243,0.03212,0.09773,0.15109,0.00173,-0.022970000000000018
247,244,0.04072,0.07344,0.10917,0.06361,-0.05861999999999998
248,245,0.08111,0.03761,0.04219,0.02863,0.0479
249,246,0.07299,0.01466,0.12069,0.07052,-0.10355999999999999
250,247,0.11405,0.10859,0.07811,0.03272,0.11181
251,248,0.24856,0.22738,0.78911,0.24016,-0.5533299999999999
252,249,0.06551,0.1383,0.14671,0.11641,-0.05931000000000003
253,250,0.0807,0.04346,0.04634,0.01579,0.062029999999999995
254,251,0.19461,0.11544,0.07805,0.05286,0.17914
255,252,0.29737,0.22766,0.17066,0.10866,0.24570999999999998
256,253,0.21215,0.04714,0.1142,0.06069,0.08440000000000003
257,254,0.10663,0.10058,0.02967,0.03425,0.14329
258,255,0.40084,0.19135,0.21907,0.15615,0.21697
259,256,0.0,0.0,0.0,0.0,0.0
260,257,0.09772,0.07732,0.17097,0.06255,-0.058480000000000004
261,258,0.30539,0.02251,0.39244,0.14478,-0.20932000000000006
262,259,0.29572,0.02497,0.55135,0.17193,-0.40259000000000006
263,260,0.15444,0.08187,0.31304,0.03998,-0.11671000000000001
264,261,0.03102,0.0155,0.22923,0.0031,-0.18580999999999998
265,262,0.19138,0.08817,0.82057,0.17956,-0.72058
266,263,0.01759,0.03139,0.98769,0.47746,-1.41617
