Feature,Score
217Ash 232Thr Hbond,0.2813278548324538
45Lys 103Asp Saltbr,0.27445561448330347
44Phe 141Leu Hydrophobic,0.2608213212044007
155Pro 232Thr Hbond,-0.25822453366660625
98Ala 206Lys Hbond,-0.24467717351309276
76Asp 104Asn Hbond,-0.239164952441595
138Glu 142Asn Hbond,-0.22821652147031138
205Asp 217Ash Hbond,-0.2195438414176926
40Met 216Asn Hbond,0.2185070388046529
108Asn 138Glu Hbond,-0.2051341608505914
46Ala 218Ile Hydrophobic,0.19921563092792713
20Ala 232Thr Hbond,-0.19801551818601487
186Asn 207Thr Hbond,-0.18774308000918014
143Glu 212Hie Hbond,-0.1861143845816245
102Ser 206Lys Hbond,-0.1742955453390067
162Leu 219Ala Hydrophobic,-0.1742529253781843
80Val 101Leu Hydrophobic,0.17394242195537366
212Hie 237Glu Hbond,0.17292906117221737
78Ser 104Asn Hbond,0.16939394605355793
102Ser 188Thr Hbond,0.1691726244705011
162Leu 220Val Hydrophobic,-0.15538753436290362
179Leu 183Leu Hydrophobic,-0.1532761999473944
184Val 194Arg Hbond,-0.15219223256603548
188Thr 207Thr Hbond,-0.15198831792322065
214Thr 245Arg Hbond,0.1474298800238371
78Ser 105Thr Hbond,-0.14353397704297696
209Thr 214Thr Hbond,-0.14277739134867995
208Gly 215Thr Hbond,0.14206899187700336
23Asp 226Arg Saltbr,-0.14051781968102928
244Ala 248Val Hydrophobic,-0.14013555041728296
43Thr 234Tyr Hbond,-0.13880732275247037
191Lys 246Asp Saltbr,-0.13860415429421474
1Gln 4Glu Hbond,-0.1378844288220186
99Ile 183Leu Hydrophobic,-0.13726065342495913
75Val 78Ser Hbond,-0.13695893447523802
125Arg 129Asp Saltbr,0.13268279707559683
210Gly 245Arg Hbond,0.13195237652410752
9Leu 13Ser Hbond,0.13082831874656364
186Asn 205Asp Hbond,-0.12845636325891083
125Arg 132Thr Hbond,0.12790969771936128
213Gly 238Ser Hbond,0.1266631361951177
97Ala 101Leu Hydrophobic,0.12510652863117053
162Leu 231Val Hydrophobic,0.12417946443096457
186Asn 206Lys Hbond,0.12265133621955876
136Arg 143Glu Saltbr,-0.12175613590960578
77Tyr 104Asn Hbond,-0.12089088908393464
183Leu 194Arg Hbond,-0.11563913108662828
78Ser 103Asp Hbond,-0.11366346149579977
99Ile 179Leu Hydrophobic,-0.11356306478835217
193Leu 249Ile Hydrophobic,-0.11301910898783453
129Asp 132Thr Hbond,0.10895152300586143
193Leu 233Val Hydrophobic,-0.10807524815392305
44Phe 134Leu Hydrophobic,-0.10717581166950747
44Phe 120Leu Hydrophobic,-0.1068025940220125
162Leu 230Val Hydrophobic,0.1059689007040484
255Leu 260Phe Hydrophobic,0.10238825455789119
75Val 139Pro Hydrophobic,-0.09975130019914928
28Arg 260Phe Hbond,0.09862926338278846
20Ala 156Ala Hydrophobic,-0.09805268819935294
192Arg 209Thr Hbond,-0.0977584670704253
45Lys 138Glu Saltbr,-0.09715832583563437
195Ala 250Ala Hydrophobic,-0.0970055844796443
9Leu 252Val Hydrophobic,-0.09639553261416305
46Ala 49Ala Hydrophobic,0.09511133015102281
143Glu 150Arg Saltbr,-0.09481611528889823
98Ala 107Ala Hydrophobic,0.09357146750298134
139Pro 142Asn Hbond,-0.09344722518163892
188Thr 192Arg Hbond,-0.09206460562296245
215Thr 246Asp Hbond,0.09131072744689617
47Leu 124Leu Hydrophobic,-0.08976283788945448
125Arg 131Val Hbond,0.08950798508689532
188Thr 206Lys Hbond,0.0891397924990355
256Val 259Ala Hydrophobic,-0.08908085564246804
68Thr 86Gly Hbond,0.08884793356284636
39Pro 216Asn Hbond,-0.08880650791583979
94Leu 109Leu Hydrophobic,-0.08875484813313386
99Ile 206Lys Hbond,-0.08859730269238514
98Ala 102Ser Hbond,-0.08792833714858882
10Glu 13Ser Hbond,-0.08700504403479006
193Leu 203Val Hydrophobic,0.0866312129820917
34Gly 154Thr Hbond,-0.08595952778845665
171Leu 176Arg Hbond,-0.08587675395950203
79Pro 83Lys Hbond,-0.08584144069402827
2Leu 5Gln Hbond,0.0849502598340991
1Gln 259Ala Hbond,-0.08399501730564324
218Ile 231Val Hydrophobic,-0.08269189593206756
36Glu 154Thr Hbond,0.08226913812663109
101Leu 188Thr Hbond,-0.08200451728161469
255Leu 259Ala Hydrophobic,0.08105628359275742
57Asp 172Ser Hbond,0.0790529994682523
136Arg 148Asp Saltbr,0.07806643395078336
9Leu 248Val Hydrophobic,-0.07714448430330348
131Val 157Ala Hydrophobic,-0.07686651932348827
16Arg 37Arg Hbond,-0.07637552250194864
20Ala 155Pro Hydrophobic,0.07445059616890871
192Arg 208Gly Hbond,0.07429283194921575
186Asn 194Arg Hbond,-0.07399894821677076
106Ala 109Leu Hydrophobic,-0.07334503858070476
162Leu 218Ile Hydrophobic,0.0724153500111372
165Leu 170Ala Hydrophobic,-0.07203670064650436
109Leu 113Ala Hydrophobic,0.07168001587277295
111Leu 120Leu Hydrophobic,-0.07131683216293083
98Ala 110Leu Hydrophobic,-0.07074839853761473
127Ile 164Thr Hbond,-0.07052904904272503
134Leu 141Leu Hydrophobic,0.07021523805638823
54Ala 123Phe Hydrophobic,0.06913684798533516
100Thr 187Lys Hbond,-0.0688686019269601
44Phe 47Leu Hydrophobic,-0.06879492484954812
96Glu 100Thr Hbond,0.06818631021970885
226Arg 260Phe Hbond,-0.06756831775497997
166Leu 176Arg Hbond,-0.06662707414834067
74Leu 85Val Hydrophobic,0.06654558681850081
47Leu 165Leu Hydrophobic,-0.06560037461728849
49Ala 99Ile Hydrophobic,-0.06530955379075663
209Thr 215Thr Hbond,-0.06486454343906903
166Leu 180Val Hydrophobic,0.06480774368885107
196Gly 254Arg Hbond,-0.06475415962334008
120Leu 124Leu Hydrophobic,-0.06435747547153702
162Leu 166Leu Hydrophobic,0.06425153995525634
46Ala 179Leu Hydrophobic,0.06355738982271802
184Val 203Val Hydrophobic,-0.06345022265572432
20Ala 159Ala Hydrophobic,0.06293778960519206
105Thr 108Asn Hbond,0.06264286094225043
127Ile 161Thr Hbond,-0.06261273248427782
30Ile 260Phe Hydrophobic,0.06241174181943563
257Val 260Phe Hydrophobic,-0.06221941530321103
156Ala 159Ala Hydrophobic,-0.0620491536863075
6Leu 17Leu Hydrophobic,0.06187748262440554
53Leu 175Ser Hbond,0.06156393629666404
209Thr 245Arg Hbond,0.06151526259654949
6Leu 255Leu Hydrophobic,-0.06091242064799757
132Thr 153Thr Hbond,0.060600498573910096
211Gly 214Thr Hbond,-0.060277307272155335
123Phe 165Leu Hydrophobic,0.05976000200761989
165Leu 171Leu Hydrophobic,-0.05969335708016459
81Thr 105Thr Hbond,0.058549929781162205
114Leu 120Leu Hydrophobic,-0.05786227359286845
136Arg 140Glu Saltbr,-0.056675342210420115
221Ile 228Pro Hydrophobic,0.055829371363328564
159Ala 162Leu Hydrophobic,0.055050774982386835
47Leu 123Phe Hydrophobic,-0.054886900466313476
125Arg 128Gly Hbond,-0.0539905904068766
193Leu 221Ile Hydrophobic,0.05385409002742046
79Pro 101Leu Hydrophobic,0.053702230410513224
165Leu 176Arg Hbond,-0.052926038269993085
22Leu 159Ala Hydrophobic,0.05215220506235474
28Arg 259Ala Hbond,-0.052115216085040675
50Ala 179Leu Hydrophobic,0.05207662923369213
165Leu 179Leu Hydrophobic,0.050754002801564196
2Leu 260Phe Hydrophobic,0.05075105428650502
81Thr 103Asp Hbond,0.050106967714747014
53Leu 63Leu Hydrophobic,0.04942934671428648
69Tyr 84Hie Hbond,0.049305949430566806
57Asp 175Ser Hbond,0.04928370172795738
107Ala 111Leu Hydrophobic,-0.049126151096819094
8Glu 12Arg Saltbr,0.04853133920404946
52Val 110Leu Hydrophobic,0.048455380558740185
125Arg 130Glu Saltbr,0.047980060732573396
153Thr 234Tyr Hbond,0.04745172385206827
235Leu 248Val Hydrophobic,0.04673832954348748
21Val 230Val Hydrophobic,-0.04638692698836914
193Leu 219Ala Hydrophobic,-0.04569247763649027
244Ala 247Ala Hydrophobic,-0.04521907789276798
195Ala 254Arg Hbond,-0.044982056176012974
212Hie 236Thr Hbond,-0.044701896765754645
194Arg 205Asp Saltbr,0.04457183250001973
51Ala 55Arg Hbond,-0.044065610377560155
12Arg 251Glu Saltbr,-0.0439196057383153
191Lys 243Asp Saltbr,-0.043611676808577325
193Leu 252Val Hydrophobic,-0.04325626081837527
21Val 260Phe Hydrophobic,0.04312273470987502
219Ala 230Val Hydrophobic,-0.042755456890889144
53Leu 56Val Hydrophobic,0.04251954496990082
118Ala 122Ala Hydrophobic,0.04230916433691069
48Leu 111Leu Hydrophobic,0.04204211481725529
38Phe 235Leu Hydrophobic,-0.04151613037763061
197Leu 257Val Hydrophobic,0.041448701407863
163Arg 167Leu Hbond,-0.04096392014004068
129Asp 161Thr Hbond,-0.04087580312760277
50Ala 123Phe Hydrophobic,0.040830595200828844
117Pro 134Leu Hydrophobic,0.04081252803453311
120Leu 134Leu Hydrophobic,0.04074745077276704
20Ala 231Val Hydrophobic,-0.040690846771734665
47Leu 51Ala Hydrophobic,-0.039775861544143455
96Glu 182Trp Hbond,-0.03964047549725774
104Asn 138Glu Hbond,-0.039609982357671145
159Ala 230Val Hydrophobic,-0.039584306550554546
54Ala 171Leu Hydrophobic,0.039246137100872006
14Gly 239Gln Hbond,-0.03896873299772906
251Glu 254Arg Saltbr,0.03895456834276676
38Phe 155Pro Hydrophobic,-0.03872838220499645
50Ala 54Ala Hydrophobic,-0.038657248076458026
19Val 252Val Hydrophobic,-0.03848357300347731
190Asp 194Arg Saltbr,0.038035728939144475
98Ala 106Ala Hydrophobic,0.03795501103338393
194Arg 203Val Hbond,0.03793158161611588
24Thr 228Pro Hbond,0.03791862823920795
248Val 252Val Hydrophobic,0.03753756042125192
21Val 256Val Hydrophobic,0.037520938989947815
37Arg 131Val Hbond,-0.03726498220509883
162Leu 165Leu Hydrophobic,-0.0371054658449847
37Arg 152Thr Hbond,-0.03640113586369017
256Val 260Phe Hydrophobic,0.036017821410665396
31Ala 156Ala Hydrophobic,0.03493823997652109
10Glu 32Tyr Hbond,0.03485658415913956
63Leu 90Thr Hbond,-0.03460384479708767
44Phe 107Ala Hydrophobic,0.034348261701625894
46Ala 50Ala Hydrophobic,0.033950743561092823
90Thr 93Glu Hbond,-0.03377936201423896
110Leu 113Ala Hydrophobic,-0.03374001867978638
53Leu 179Leu Hydrophobic,0.03368346196542437
181Asp 202Arg Saltbr,-0.033456894925522
192Arg 207Thr Hbond,0.03322059183895285
118Ala 134Leu Hydrophobic,0.032797818227180885
192Arg 215Thr Hbond,-0.03272953817832418
183Leu 203Val Hydrophobic,-0.03270141081257447
8Glu 11Lys Saltbr,-0.03265809365573627
17Leu 248Val Hydrophobic,0.03165968014531981
168Gly 176Arg Hbond,-0.03143787949635422
94Leu 98Ala Hydrophobic,-0.031256297556832575
193Leu 231Val Hydrophobic,-0.031210904401711217
45Lys 104Asn Hbond,-0.03117014947679844
214Thr 236Thr Hbond,0.03095493135095437
166Leu 183Leu Hydrophobic,-0.03090637553536245
83Lys 87Asp Saltbr,0.03029891620653146
172Ser 175Ser Hbond,0.030293042365069262
48Leu 52Val Hydrophobic,0.0298300349784611
219Ala 229Ile Hydrophobic,-0.029807353165801583
52Val 56Val Hydrophobic,-0.029545007364641204
50Ala 165Leu Hydrophobic,-0.029242808365784436
3Ser 31Ala Hbond,-0.029195255374595663
94Leu 106Ala Hydrophobic,0.0290637796619492
14Gly 238Ser Hbond,0.029027095060884318
47Leu 120Leu Hydrophobic,0.028981880537628905
122Ala 126Ser Hbond,0.02882056916355439
2Leu 6Leu Hydrophobic,0.02878543120754259
17Leu 33Arg Hbond,0.02853524867024132
17Leu 235Leu Hydrophobic,-0.028426994140658083
198Pro 257Val Hydrophobic,0.028157914921619724
197Leu 221Ile Hydrophobic,-0.028071677759917226
16Arg 236Thr Hbond,-0.027405510372420696
69Tyr 81Thr Hbond,0.027146809592775947
61Glu 65Arg Saltbr,0.027131845438224292
133Arg 151Asp Saltbr,0.02710176069492376
167Leu 220Val Hydrophobic,-0.027063441090258388
124Leu 127Ile Hydrophobic,0.026188873714465565
221Ile 231Val Hydrophobic,-0.026040184546439075
94Leu 110Leu Hydrophobic,-0.025781469528777714
202Arg 222Trp Hbond,0.025770343754343252
223Pro 227Ala Hydrophobic,0.02545485140991925
164Thr 169Asp Hbond,0.02544515380354315
223Pro 228Pro Hydrophobic,0.025285697727002968
48Leu 51Ala Hydrophobic,-0.025020472665449586
6Leu 9Leu Hydrophobic,0.024889578178710597
19Val 31Ala Hydrophobic,0.02472704373693046
73Asp 105Thr Hbond,-0.02471093366297306
252Val 256Val Hydrophobic,0.024641167142424685
6Leu 19Val Hydrophobic,-0.024580708573168342
100Thr 188Thr Hbond,0.024560054560161217
1Gln 5Gln Hbond,-0.02415824072934418
203Val 221Ile Hydrophobic,-0.024150491195289225
50Ala 171Leu Hydrophobic,-0.023716762614225777
48Leu 120Leu Hydrophobic,0.023625818097331008
107Ala 110Leu Hydrophobic,-0.023436607895710084
235Leu 249Ile Hydrophobic,-0.02331132323815516
157Ala 161Thr Hbond,-0.02307857913984754
51Ala 114Leu Hydrophobic,0.023035083662635444
35Asp 154Thr Hbond,-0.02265930400889311
22Leu 228Pro Hydrophobic,0.022604792193579554
9Leu 255Leu Hydrophobic,0.022407581029500943
16Arg 36Glu Saltbr,0.022284413031998802
178Gln 181Asp Hbond,0.02202802577564877
68Thr 87Asp Hbond,0.021857515969737572
55Arg 114Leu Hbond,0.021826453172213708
51Ala 120Leu Hydrophobic,0.021625806228150926
55Arg 60Lys Hbond,-0.021532987240206157
52Val 91Val Hydrophobic,0.02114214570334805
51Ala 123Phe Hydrophobic,0.02109224146976332
25Ala 227Ala Hydrophobic,0.020853312553103305
19Val 233Val Hydrophobic,0.020722522875864395
197Leu 256Val Hydrophobic,-0.020572818303825565
13Ser 239Gln Hbond,-0.020453183281655407
254Arg 258Glu Saltbr,0.02043531124069337
22Leu 229Ile Hydrophobic,0.020228828896376765
50Ala 53Leu Hydrophobic,0.02004852972618538
17Leu 233Val Hydrophobic,-0.01964372973146478
80Val 83Lys Hbond,-0.019604990530845023
91Val 110Leu Hydrophobic,-0.01958779246224242
63Leu 92Ala Hydrophobic,0.01917802898174994
48Leu 110Leu Hydrophobic,0.019082590371036375
49Ala 53Leu Hydrophobic,0.019044819916827257
66Arg 87Asp Saltbr,-0.01894691896565709
21Val 231Val Hydrophobic,-0.01891851211900518
215Thr 245Arg Hbond,0.01873672860430611
55Arg 113Ala Hbond,0.0184668167321584
221Ile 229Ile Hydrophobic,0.018418397299919294
114Leu 119Ala Hydrophobic,0.018221250374224725
40Met 43Thr Hbond,0.017811726955873033
63Leu 91Val Hydrophobic,0.01747502757796222
47Leu 50Ala Hydrophobic,-0.017458022558038275
240Val 244Ala Hydrophobic,0.01737021729878477
155Pro 159Ala Hydrophobic,-0.01716260632465904
66Arg 88Gly Hbond,0.0170793426505319
157Ala 160Ala Hydrophobic,0.01696370580579005
241Asp 245Arg Saltbr,-0.016811604704877258
252Val 255Leu Hydrophobic,0.01677118938454475
220Val 229Ile Hydrophobic,-0.016534516549363464
46Ala 183Leu Hydrophobic,0.016257869772516222
171Leu 179Leu Hydrophobic,-0.01577611521537582
2Leu 21Val Hydrophobic,-0.01576312003446739
162Leu 167Leu Hydrophobic,0.015624387189414748
67Ile 109Leu Hydrophobic,-0.01555687397968381
149Pro 152Thr Hbond,-0.015437326538128078
1Gln 258Glu Hbond,-0.015109035488271565
23Asp 26Thr Hbond,-0.015100918762635992
160Ala 163Arg Hbond,-0.015091273080434254
9Leu 17Leu Hydrophobic,-0.014876636178458474
7Ala 11Lys Hbond,0.014793390921953803
127Ile 165Leu Hydrophobic,-0.014739571958142145
52Val 114Leu Hydrophobic,0.014720114725531818
48Leu 114Leu Hydrophobic,0.014700080606166323
80Val 97Ala Hydrophobic,-0.014439073143806835
223Pro 229Ile Hydrophobic,0.014142654166812391
2Leu 255Leu Hydrophobic,-0.01407406604356294
135Asp 150Arg Saltbr,0.013889135897692494
6Leu 252Val Hydrophobic,-0.013581209579310352
117Pro 121Thr Hbond,-0.013549481017385064
44Phe 111Leu Hydrophobic,-0.013335729294543849
220Val 228Pro Hydrophobic,0.01329775097293238
67Ile 94Leu Hydrophobic,-0.013220721598709368
167Leu 176Arg Hbond,0.013218952327416834
19Val 155Pro Hydrophobic,0.013052806884253977
197Leu 203Val Hydrophobic,0.01304210340648218
174Ala 177Gln Hbond,-0.013014976606756531
199Ala 202Arg Hbond,-0.012882507527987464
249Ile 252Val Hydrophobic,-0.012841641497527747
111Leu 134Leu Hydrophobic,0.012272419150783292
174Ala 178Gln Hbond,0.012246255056315249
20Ala 31Ala Hydrophobic,-0.012212164831598607
220Val 230Val Hydrophobic,-0.012133361840887518
111Leu 117Pro Hydrophobic,0.012121962661382388
20Ala 30Ile Hydrophobic,-0.011557505190016928
160Ala 164Thr Hbond,-0.011479484223720832
20Ala 230Val Hydrophobic,-0.011298524785875837
213Gly 245Arg Hbond,0.011111966265764805
56Val 62Arg Hbond,0.010869427488650113
56Val 63Leu Hydrophobic,-0.010850529818266617
97Ala 106Ala Hydrophobic,0.010801727040584252
2Leu 256Val Hydrophobic,-0.010731991708033628
229Ile 256Val Hydrophobic,0.010647413102972353
21Val 30Ile Hydrophobic,0.010482705865165858
53Leu 171Leu Hydrophobic,0.01026903867743155
16Arg 237Glu Saltbr,-0.010168100654929228
24Thr 163Arg Hbond,0.010157650751147178
111Leu 114Leu Hydrophobic,0.010097759131531766
123Phe 126Ser Hbond,0.010024433207690255
156Ala 160Ala Hydrophobic,-0.009942750377228816
91Val 94Leu Hydrophobic,0.009885419338943295
44Phe 48Leu Hydrophobic,-0.009863525855886065
119Ala 123Phe Hydrophobic,-0.009732795399808095
2Leu 259Ala Hydrophobic,0.009304114970080301
203Val 220Val Hydrophobic,-0.009081102737549756
166Leu 220Val Hydrophobic,0.009017483905552784
238Ser 245Arg Hbond,0.008959876759922132
180Val 183Leu Hydrophobic,-0.008902421641297651
167Leu 228Pro Hydrophobic,-0.008679059833365888
106Ala 110Leu Hydrophobic,0.008625210547416719
247Ala 250Ala Hydrophobic,0.008537195348875364
166Leu 179Leu Hydrophobic,-0.008415825331636423
183Leu 186Asn Hbond,0.008255997757594172
65Arg 90Thr Hbond,0.008061056705774129
13Ser 238Ser Hbond,0.007912613926345376
192Arg 246Asp Saltbr,0.007900646194298935
161Thr 164Thr Hbond,-0.007863717041472094
177Gln 181Asp Hbond,-0.007688792885517643
67Ile 91Val Hydrophobic,-0.007667348293631033
55Arg 61Glu Saltbr,-0.007442140557805656
5Gln 8Glu Hbond,-0.007220556700341844
46Ala 99Ile Hydrophobic,-0.006576613959396415
167Leu 230Val Hydrophobic,-0.006503629445751852
119Ala 122Ala Hydrophobic,-0.006233509058580361
48Leu 107Ala Hydrophobic,0.006176695593398471
172Ser 176Arg Hbond,0.006134128126570508
136Arg 151Asp Saltbr,-0.006033365488159413
22Leu 230Val Hydrophobic,0.006014671970726749
180Val 184Val Hydrophobic,0.00600929353456701
123Phe 127Ile Hydrophobic,0.0059841824268046595
250Ala 254Arg Hbond,0.005927721619536618
64Asp 90Thr Hbond,-0.005570480225419072
219Ala 231Val Hydrophobic,0.005521258991875719
221Ile 256Val Hydrophobic,0.005469269991160016
39Pro 144Ala Hydrophobic,-0.005456594747153605
45Lys 102Ser Hbond,0.005268994107478798
54Ala 58Gln Hbond,-0.0051935430216318084
193Leu 197Leu Hydrophobic,-0.005039011293732498
100Thr 206Lys Hbond,0.004989221655717139
55Arg 58Gln Hbond,0.0049615917804216115
229Ile 260Phe Hydrophobic,0.004940255474352849
193Leu 250Ala Hydrophobic,-0.004776981075546449
169Asp 176Arg Saltbr,0.004737881040969119
29Arg 156Ala Hbond,-0.00464097320769644
120Leu 123Phe Hydrophobic,-0.004576432278826241
10Glu 16Arg Saltbr,-0.004567560393507935
10Glu 33Arg Saltbr,-0.0043042217141424505
78Ser 81Thr Hbond,0.004265782167278001
240Val 245Arg Hbond,0.0040645018352642205
94Leu 97Ala Hydrophobic,0.00396278421621689
33Arg 36Glu Saltbr,-0.0036590153092671
127Ile 170Ala Hydrophobic,-0.003554103361255997
110Leu 114Leu Hydrophobic,-0.002892855479321548
22Leu 260Phe Hydrophobic,0.002766975209909417
187Lys 190Asp Saltbr,-0.0027190399100913147
23Asp 28Arg Saltbr,0.002675579490971528
17Leu 38Phe Hydrophobic,0.0026738594036774107
51Ala 54Ala Hydrophobic,0.002583120712981165
49Ala 52Val Hydrophobic,-0.0024041764463176517
49Ala 179Leu Hydrophobic,0.002282324880412969
173Pro 177Gln Hbond,-0.001604070923851262
21Val 229Ile Hydrophobic,0.0015434605347489053
117Pro 120Leu Hydrophobic,-0.001542163545647861
231Val 256Val Hydrophobic,0.0014453608229421974
121Thr 134Leu Hbond,0.001178414691662548
19Val 30Ile Hydrophobic,-0.001105325897667398
233Val 252Val Hydrophobic,0.000817583168771319
2Leu 30Ile Hydrophobic,-0.0006409522933999502
22Leu 160Ala Hydrophobic,-0.0005410345321563322
25Ala 228Pro Hydrophobic,-0.00018140224988426432
233Val 249Ile Hydrophobic,0.00013102356888548372
