Feature,Score
45Lys 104Asn Hbond,0.08443
102Ser 188Thr Hbond,0.0635
76Asp 104Asn Hbond,0.06279
205Asp 217Ash Hbond,0.05864
188Thr 206Lys Hbond,0.05806
217Ash 232Thr Hbond,0.05781
44Phe 141Leu Hydrophobic,0.05552
186Asn 207Thr Hbond,0.05383
77Tyr 104Asn Hbond,0.05343
45Lys 103Asp Saltbr,0.05127
98Ala 206Lys Hbond,0.05061
45Lys 102Ser Hbond,0.0485
155Pro 232Thr Hbond,0.04441
186Asn 206Lys Hbond,0.04157
138Glu 142Asn Hbond,0.03897
101Leu 188Thr Hbond,0.03784
46Ala 218Ile Hydrophobic,0.03751
108Asn 138Glu Hbond,0.03687
191Lys 246Asp Saltbr,0.0366
188Thr 207Thr Hbond,0.03588
40Met 216Asn Hbond,0.03506
192Arg 208Gly Hbond,0.03417
39Pro 216Asn Hbond,0.03334
143Glu 212Hie Hbond,0.03282
162Leu 220Val Hydrophobic,0.03202
192Arg 209Thr Hbond,0.03158
192Arg 215Thr Hbond,0.03119
20Ala 232Thr Hbond,0.03069
100Thr 206Lys Hbond,0.02988
80Val 101Leu Hydrophobic,0.02887
125Arg 129Asp Saltbr,0.02818
102Ser 206Lys Hbond,0.02682
136Arg 140Glu Saltbr,0.02633
192Arg 207Thr Hbond,0.02621
208Gly 215Thr Hbond,0.02618
100Thr 188Thr Hbond,0.02612
214Thr 245Arg Hbond,0.0255
43Thr 234Tyr Hbond,0.02542
162Leu 231Val Hydrophobic,0.02504
193Leu 233Val Hydrophobic,0.02483
184Val 194Arg Hbond,0.02478
129Asp 161Thr Hbond,0.02398
78Ser 104Asn Hbond,0.02368
209Thr 214Thr Hbond,0.02321
159Ala 230Val Hydrophobic,0.02294
211Gly 214Thr Hbond,0.02211
256Val 259Ala Hydrophobic,0.02205
13Ser 239Gln Hbond,0.02183
53Leu 175Ser Hbond,0.02094
30Ile 260Phe Hydrophobic,0.02073
9Leu 13Ser Hbond,0.02037
215Thr 246Asp Hbond,0.02037
16Arg 237Glu Saltbr,0.02033
20Ala 230Val Hydrophobic,0.02023
149Pro 152Thr Hbond,0.0202
192Arg 246Asp Saltbr,0.02004
125Arg 131Val Hbond,0.01931
105Thr 108Asn Hbond,0.01911
188Thr 192Arg Hbond,0.01906
125Arg 132Thr Hbond,0.01876
129Asp 132Thr Hbond,0.01869
2Leu 260Phe Hydrophobic,0.01841
244Ala 248Val Hydrophobic,0.01841
25Ala 228Pro Hydrophobic,0.01818
20Ala 156Ala Hydrophobic,0.01792
111Leu 134Leu Hydrophobic,0.01778
190Asp 194Arg Saltbr,0.01774
195Ala 250Ala Hydrophobic,0.01757
75Val 78Ser Hbond,0.01753
139Pro 142Asn Hbond,0.01708
99Ile 183Leu Hydrophobic,0.01698
68Thr 86Gly Hbond,0.01696
78Ser 105Thr Hbond,0.01689
19Val 233Val Hydrophobic,0.01682
44Phe 47Leu Hydrophobic,0.01675
215Thr 245Arg Hbond,0.01661
45Lys 138Glu Saltbr,0.01648
169Asp 176Arg Saltbr,0.01608
186Asn 205Asp Hbond,0.01601
35Asp 154Thr Hbond,0.01591
209Thr 245Arg Hbond,0.01566
223Pro 228Pro Hydrophobic,0.0156
165Leu 176Arg Hbond,0.01551
53Leu 179Leu Hydrophobic,0.01519
121Thr 134Leu Hbond,0.01481
143Glu 150Arg Saltbr,0.0146
235Leu 249Ile Hydrophobic,0.01433
193Leu 203Val Hydrophobic,0.01424
81Thr 105Thr Hbond,0.01418
44Phe 107Ala Hydrophobic,0.01417
218Ile 231Val Hydrophobic,0.01412
8Glu 11Lys Saltbr,0.01404
203Val 220Val Hydrophobic,0.01397
23Asp 226Arg Saltbr,0.01394
223Pro 229Ile Hydrophobic,0.0139
37Arg 131Val Hbond,0.01386
117Pro 134Leu Hydrophobic,0.01365
166Leu 180Val Hydrophobic,0.01361
136Arg 143Glu Saltbr,0.0136
120Leu 134Leu Hydrophobic,0.01347
33Arg 36Glu Saltbr,0.01334
104Asn 138Glu Hbond,0.01315
75Val 139Pro Hydrophobic,0.01313
99Ile 179Leu Hydrophobic,0.01312
79Pro 83Lys Hbond,0.01283
165Leu 171Leu Hydrophobic,0.01271
166Leu 176Arg Hbond,0.01269
214Thr 236Thr Hbond,0.01258
9Leu 252Val Hydrophobic,0.01241
50Ala 171Leu Hydrophobic,0.0124
44Phe 120Leu Hydrophobic,0.01239
193Leu 250Ala Hydrophobic,0.01237
110Leu 114Leu Hydrophobic,0.0121
1Gln 5Gln Hbond,0.01207
48Leu 111Leu Hydrophobic,0.01203
213Gly 238Ser Hbond,0.01197
20Ala 30Ile Hydrophobic,0.01192
109Leu 113Ala Hydrophobic,0.01182
221Ile 228Pro Hydrophobic,0.01181
111Leu 114Leu Hydrophobic,0.0118
166Leu 220Val Hydrophobic,0.01157
19Val 252Val Hydrophobic,0.0115
48Leu 107Ala Hydrophobic,0.01134
156Ala 159Ala Hydrophobic,0.01113
46Ala 99Ile Hydrophobic,0.01098
97Ala 101Leu Hydrophobic,0.01091
193Leu 249Ile Hydrophobic,0.01087
52Val 110Leu Hydrophobic,0.01085
199Ala 202Arg Hbond,0.01084
194Arg 203Val Hbond,0.01079
183Leu 194Arg Hbond,0.01068
212Hie 236Thr Hbond,0.01062
223Pro 227Ala Hydrophobic,0.01042
1Gln 259Ala Hbond,0.01037
255Leu 260Phe Hydrophobic,0.01034
98Ala 107Ala Hydrophobic,0.01029
16Arg 37Arg Hbond,0.01022
220Val 228Pro Hydrophobic,0.01005
2Leu 255Leu Hydrophobic,0.01001
31Ala 156Ala Hydrophobic,0.00997
2Leu 256Val Hydrophobic,0.00993
68Thr 87Asp Hbond,0.00987
80Val 97Ala Hydrophobic,0.00987
252Val 256Val Hydrophobic,0.00984
197Leu 256Val Hydrophobic,0.00966
50Ala 179Leu Hydrophobic,0.00957
63Leu 92Ala Hydrophobic,0.00943
162Leu 167Leu Hydrophobic,0.00934
46Ala 50Ala Hydrophobic,0.00924
94Leu 97Ala Hydrophobic,0.00917
91Val 94Leu Hydrophobic,0.00899
197Leu 257Val Hydrophobic,0.00892
9Leu 17Leu Hydrophobic,0.0089
51Ala 55Arg Hbond,0.00872
2Leu 6Leu Hydrophobic,0.00864
99Ile 206Lys Hbond,0.00863
46Ala 49Ala Hydrophobic,0.00855
106Ala 110Leu Hydrophobic,0.00851
187Lys 190Asp Saltbr,0.00827
136Arg 148Asp Saltbr,0.00824
16Arg 36Glu Saltbr,0.00821
3Ser 31Ala Hbond,0.00819
127Ile 161Thr Hbond,0.00806
1Gln 4Glu Hbond,0.00802
100Thr 187Lys Hbond,0.00799
131Val 157Ala Hydrophobic,0.00795
78Ser 81Thr Hbond,0.00784
21Val 230Val Hydrophobic,0.00784
241Asp 245Arg Saltbr,0.00782
166Leu 179Leu Hydrophobic,0.00781
165Leu 179Leu Hydrophobic,0.0078
8Glu 12Arg Saltbr,0.00757
46Ala 179Leu Hydrophobic,0.00754
94Leu 109Leu Hydrophobic,0.00753
193Leu 252Val Hydrophobic,0.00753
16Arg 236Thr Hbond,0.00747
155Pro 159Ala Hydrophobic,0.0074
53Leu 171Leu Hydrophobic,0.00737
233Val 249Ile Hydrophobic,0.00735
162Leu 219Ala Hydrophobic,0.00733
171Leu 179Leu Hydrophobic,0.00723
153Thr 234Tyr Hbond,0.00717
94Leu 110Leu Hydrophobic,0.00704
111Leu 120Leu Hydrophobic,0.00688
97Ala 106Ala Hydrophobic,0.00685
47Leu 120Leu Hydrophobic,0.00684
257Val 260Phe Hydrophobic,0.00675
251Glu 254Arg Saltbr,0.0067
22Leu 159Ala Hydrophobic,0.00664
39Pro 144Ala Hydrophobic,0.00659
56Val 63Leu Hydrophobic,0.0065
67Ile 109Leu Hydrophobic,0.0065
80Val 83Lys Hbond,0.00637
186Asn 194Arg Hbond,0.0063
233Val 252Val Hydrophobic,0.00618
212Hie 237Glu Hbond,0.00615
54Ala 123Phe Hydrophobic,0.00607
209Thr 215Thr Hbond,0.00607
193Leu 197Leu Hydrophobic,0.00604
21Val 256Val Hydrophobic,0.0059
162Leu 166Leu Hydrophobic,0.00589
46Ala 183Leu Hydrophobic,0.00587
22Leu 260Phe Hydrophobic,0.00581
171Leu 176Arg Hbond,0.00578
202Arg 222Trp Hbond,0.00565
48Leu 120Leu Hydrophobic,0.00553
28Arg 260Phe Hbond,0.00548
2Leu 5Gln Hbond,0.00544
38Phe 155Pro Hydrophobic,0.00543
231Val 256Val Hydrophobic,0.00535
49Ala 99Ile Hydrophobic,0.0053
50Ala 123Phe Hydrophobic,0.00527
55Arg 113Ala Hbond,0.00522
197Leu 221Ile Hydrophobic,0.00522
53Leu 56Val Hydrophobic,0.00519
24Thr 228Pro Hbond,0.00507
20Ala 155Pro Hydrophobic,0.00498
17Leu 33Arg Hbond,0.0049
125Arg 130Glu Saltbr,0.00488
172Ser 175Ser Hbond,0.00479
54Ala 171Leu Hydrophobic,0.00475
90Thr 93Glu Hbond,0.00468
226Arg 260Phe Hbond,0.00468
6Leu 17Leu Hydrophobic,0.00465
161Thr 164Thr Hbond,0.00456
195Ala 254Arg Hbond,0.00451
114Leu 120Leu Hydrophobic,0.0045
240Val 245Arg Hbond,0.00449
51Ala 123Phe Hydrophobic,0.00442
213Gly 245Arg Hbond,0.00442
52Val 114Leu Hydrophobic,0.0044
221Ile 231Val Hydrophobic,0.00436
47Leu 123Phe Hydrophobic,0.00429
14Gly 239Gln Hbond,0.00428
168Gly 176Arg Hbond,0.00418
20Ala 31Ala Hydrophobic,0.00411
21Val 260Phe Hydrophobic,0.00397
165Leu 170Ala Hydrophobic,0.00392
194Arg 205Asp Saltbr,0.00391
127Ile 170Ala Hydrophobic,0.0039
125Arg 128Gly Hbond,0.00387
255Leu 259Ala Hydrophobic,0.00379
17Leu 248Val Hydrophobic,0.00378
78Ser 103Asp Hbond,0.00374
254Arg 258Glu Saltbr,0.00374
220Val 229Ile Hydrophobic,0.00372
9Leu 255Leu Hydrophobic,0.00369
160Ala 163Arg Hbond,0.00362
166Leu 183Leu Hydrophobic,0.00362
50Ala 53Leu Hydrophobic,0.00351
181Asp 202Arg Saltbr,0.00351
120Leu 123Phe Hydrophobic,0.0035
184Val 203Val Hydrophobic,0.0035
164Thr 169Asp Hbond,0.00347
162Leu 218Ile Hydrophobic,0.00333
167Leu 176Arg Hbond,0.00331
6Leu 9Leu Hydrophobic,0.00327
124Leu 127Ile Hydrophobic,0.00326
20Ala 159Ala Hydrophobic,0.00319
117Pro 120Leu Hydrophobic,0.00317
123Phe 126Ser Hbond,0.00311
117Pro 121Thr Hbond,0.00306
135Asp 150Arg Saltbr,0.00303
63Leu 90Thr Hbond,0.00287
47Leu 51Ala Hydrophobic,0.0026
167Leu 220Val Hydrophobic,0.00259
210Gly 245Arg Hbond,0.00257
196Gly 254Arg Hbond,0.00256
6Leu 255Leu Hydrophobic,0.00254
9Leu 248Val Hydrophobic,0.00254
1Gln 258Glu Hbond,0.00253
44Phe 134Leu Hydrophobic,0.00253
55Arg 58Gln Hbond,0.00252
174Ala 177Gln Hbond,0.0025
67Ile 91Val Hydrophobic,0.00246
123Phe 165Leu Hydrophobic,0.00238
193Leu 219Ala Hydrophobic,0.00232
14Gly 238Ser Hbond,0.00219
52Val 56Val Hydrophobic,0.00218
21Val 30Ile Hydrophobic,0.00216
193Leu 231Val Hydrophobic,0.00188
73Asp 105Thr Hbond,0.00186
160Ala 164Thr Hbond,0.00177
191Lys 243Asp Saltbr,0.00177
180Val 184Val Hydrophobic,0.00171
69Tyr 81Thr Hbond,0.00163
55Arg 61Glu Saltbr,0.00161
19Val 155Pro Hydrophobic,0.00138
17Leu 38Phe Hydrophobic,0.00112
47Leu 124Leu Hydrophobic,0.00108
219Ala 230Val Hydrophobic,0.00106
2Leu 21Val Hydrophobic,0.00091
49Ala 52Val Hydrophobic,0.00087
36Glu 154Thr Hbond,0.00078
37Arg 152Thr Hbond,0.00062
238Ser 245Arg Hbond,0.00053
172Ser 176Arg Hbond,0.0005
250Ala 254Arg Hbond,0.00044
40Met 43Thr Hbond,0.00032
107Ala 110Leu Hydrophobic,0.0002
107Ala 111Leu Hydrophobic,0.00013
83Lys 87Asp Saltbr,7e-05
5Gln 8Glu Hbond,0.0
2Leu 30Ile Hydrophobic,0.0
6Leu 19Val Hydrophobic,0.0
7Ala 11Lys Hbond,0.0
10Glu 13Ser Hbond,0.0
10Glu 16Arg Saltbr,0.0
10Glu 32Tyr Hbond,0.0
10Glu 33Arg Saltbr,0.0
19Val 30Ile Hydrophobic,0.0
19Val 31Ala Hydrophobic,0.0
2Leu 259Ala Hydrophobic,0.0
23Asp 26Thr Hbond,0.0
23Asp 28Arg Saltbr,0.0
44Phe 48Leu Hydrophobic,0.0
47Leu 50Ala Hydrophobic,0.0
48Leu 51Ala Hydrophobic,0.0
48Leu 52Val Hydrophobic,0.0
49Ala 53Leu Hydrophobic,0.0
50Ala 54Ala Hydrophobic,0.0
51Ala 54Ala Hydrophobic,0.0
52Val 91Val Hydrophobic,0.0
53Leu 63Leu Hydrophobic,0.0
54Ala 58Gln Hbond,0.0
55Arg 60Lys Hbond,0.0
56Val 62Arg Hbond,0.0
61Glu 65Arg Saltbr,0.0
6Leu 252Val Hydrophobic,0.0
63Leu 91Val Hydrophobic,0.0
64Asp 90Thr Hbond,0.0
65Arg 90Thr Hbond,0.0
66Arg 87Asp Saltbr,0.0
66Arg 88Gly Hbond,0.0
67Ile 94Leu Hydrophobic,0.0
69Tyr 84Hie Hbond,0.0
74Leu 85Val Hydrophobic,0.0
94Leu 98Ala Hydrophobic,0.0
12Arg 251Glu Saltbr,0.0
13Ser 238Ser Hbond,0.0
17Leu 233Val Hydrophobic,0.0
17Leu 235Leu Hydrophobic,0.0
20Ala 231Val Hydrophobic,0.0
21Val 229Ile Hydrophobic,0.0
21Val 231Val Hydrophobic,0.0
22Leu 160Ala Hydrophobic,0.0
22Leu 228Pro Hydrophobic,0.0
22Leu 229Ile Hydrophobic,0.0
22Leu 230Val Hydrophobic,0.0
24Thr 163Arg Hbond,0.0
25Ala 227Ala Hydrophobic,0.0
28Arg 259Ala Hbond,0.0
29Arg 156Ala Hbond,0.0
34Gly 154Thr Hbond,0.0
38Phe 235Leu Hydrophobic,0.0
44Phe 111Leu Hydrophobic,0.0
47Leu 165Leu Hydrophobic,0.0
48Leu 110Leu Hydrophobic,0.0
48Leu 114Leu Hydrophobic,0.0
49Ala 179Leu Hydrophobic,0.0
50Ala 165Leu Hydrophobic,0.0
51Ala 114Leu Hydrophobic,0.0
51Ala 120Leu Hydrophobic,0.0
55Arg 114Leu Hbond,0.0
57Asp 172Ser Hbond,0.0
57Asp 175Ser Hbond,0.0
79Pro 101Leu Hydrophobic,0.0
81Thr 103Asp Hbond,0.0
91Val 110Leu Hydrophobic,0.0
94Leu 106Ala Hydrophobic,0.0
96Glu 100Thr Hbond,0.0
96Glu 182Trp Hbond,0.0
98Ala 102Ser Hbond,0.0
98Ala 106Ala Hydrophobic,0.0
98Ala 110Leu Hydrophobic,0.0
106Ala 109Leu Hydrophobic,0.0
110Leu 113Ala Hydrophobic,0.0
111Leu 117Pro Hydrophobic,0.0
114Leu 119Ala Hydrophobic,0.0
118Ala 122Ala Hydrophobic,0.0
118Ala 134Leu Hydrophobic,0.0
119Ala 122Ala Hydrophobic,0.0
119Ala 123Phe Hydrophobic,0.0
120Leu 124Leu Hydrophobic,0.0
122Ala 126Ser Hbond,0.0
123Phe 127Ile Hydrophobic,0.0
127Ile 164Thr Hbond,0.0
127Ile 165Leu Hydrophobic,0.0
132Thr 153Thr Hbond,0.0
133Arg 151Asp Saltbr,0.0
134Leu 141Leu Hydrophobic,0.0
136Arg 151Asp Saltbr,0.0
156Ala 160Ala Hydrophobic,0.0
157Ala 160Ala Hydrophobic,0.0
157Ala 161Thr Hbond,0.0
159Ala 162Leu Hydrophobic,0.0
162Leu 165Leu Hydrophobic,0.0
162Leu 230Val Hydrophobic,0.0
163Arg 167Leu Hbond,0.0
167Leu 228Pro Hydrophobic,0.0
167Leu 230Val Hydrophobic,0.0
173Pro 177Gln Hbond,0.0
174Ala 178Gln Hbond,0.0
177Gln 181Asp Hbond,0.0
178Gln 181Asp Hbond,0.0
179Leu 183Leu Hydrophobic,0.0
180Val 183Leu Hydrophobic,0.0
183Leu 186Asn Hbond,0.0
183Leu 203Val Hydrophobic,0.0
193Leu 221Ile Hydrophobic,0.0
197Leu 203Val Hydrophobic,0.0
198Pro 257Val Hydrophobic,0.0
203Val 221Ile Hydrophobic,0.0
219Ala 229Ile Hydrophobic,0.0
219Ala 231Val Hydrophobic,0.0
220Val 230Val Hydrophobic,0.0
221Ile 229Ile Hydrophobic,0.0
221Ile 256Val Hydrophobic,0.0
229Ile 256Val Hydrophobic,0.0
229Ile 260Phe Hydrophobic,0.0
235Leu 248Val Hydrophobic,0.0
240Val 244Ala Hydrophobic,0.0
244Ala 247Ala Hydrophobic,0.0
247Ala 250Ala Hydrophobic,0.0
248Val 252Val Hydrophobic,0.0
249Ile 252Val Hydrophobic,0.0
252Val 255Leu Hydrophobic,0.0
256Val 260Phe Hydrophobic,0.0
